10:51:35,30.4767,-21.422340000000002,-4.686075,-3.8986875,-2.93370975,-3.132618975,-2.5616868975,-4.2770716897500005,-0.903659568975,-0.06739165689749997,1.19788383431025,1.442581383431025,2.5150291383431025,0.9082581138343102,5.121267811383432,3.414833781138343,0,0,0,0,0,0,0,0,0,0,0,0,0,0,0,0,0,0
10:51:36,34.02162,-21.067848,-4.9460328,-3.6292672799999997,-3.7930067279999995,-2.9231416728,-3.4269781672799997,-4.659007816728,-0.6464407816727998,0.017412521832720032,1.206364252183272,1.5615904252183272,2.467827042521833,0.8444340042521832,5.055782400425219,3.467388240042522,3.414833781138343,0,0,0,0,0,0,0,0,0,0,0,0,0,0,0,0,0,0
10:51:37,33.13539,-22.042701,-4.748111099999999,-3.9048911099999994,-3.2297371110000004,-3.4576377111,-3.4804277711099996,-4.664352777111,-1.2378000777110998,-0.041723407771109944,1.377696659222889,1.6378086659222888,2.7709638665922287,0.9929554866592227,5.247952548665922,3.604811254866592,3.467388240042522,3.414833781138343,0,0,0,0,0,0,0,0,0,0,0,0,0,0,0,0,0,0
10:51:38,33.13539,-22.042701,-4.748111099999999,-3.31405911,-3.466069911,-9.0941029911,-4.63489729911,-5.3706317299110005,-1.3084279729911,0.24662620270089003,1.406531620270089,1.817938162027009,2.670770816202701,1.16024788162027,5.382887788162027,3.736510778816203,3.604811254866592,3.467388240042522,3.414833781138343,0,0,0,0,0,0,0,0,0,0,0,0,0,0,0,0,0,0
10:51:38,33.13539,-20.270241000000002,-4.2754490999999994,-4.15303191,-3.549967191,-3.7850767190999997,-3.51317167191,-5.258459167191,-2.1834479167191,-0.018122691671909913,1.5573027308328091,1.8921002730832808,2.7372900273083283,1.1668998027308328,5.383552980273084,3.6774742980273083,3.736510778816203,3.604811254866592,3.467388240042522,3.414833781138343,0,0,0,0,0,0,0,0,0,0,0,0,0,0,0,0,0,0
10:51:39,32.24916,-21.245094,-4.3729344,-3.57195744,-3.4918597439999997,-3.4838499744,-2.8922259974399998,-4.014709599744,-1.4682499599744,0.053397104002560036,1.623539710400256,1.6623929710400254,2.7734222971040023,1.0523052297104003,5.726711522971041,3.948211152297104,3.6774742980273083,3.736510778816203,3.604811254866592,3.467388240042522,3.414833781138343,0,0,0,0,0,0,0,0,0,0,0,0,0,0,0,0,0,0
10:51:40,32.24916,-21.245094,-5.554589399999999,-4.2809459400000005,-3.562758594,-2.9001168593999997,-2.53843668594,-4.570153668593999,-2.1146173668593997,-0.12940513668593992,1.250767486331406,1.7432767486331406,2.781510674863314,1.1713218674863313,5.443098186748633,3.683428818674863,3.948211152297104,3.6774742980273083,3.736510778816203,3.604811254866592,3.467388240042522,3.414833781138343,0,0,0,0,0,0,0,0,0,0,0,0,0,0,0,0,0,0
10:51:41,32.24916,-22.131324,-5.0523804,-4.23072504,-3.8531525039999996,-2.9291562503999997,-2.24593362504,-3.3592573625039996,-0.8118781362504,-0.17637811362503997,1.186985188637496,1.4414915188637496,2.6922291518863752,0.9259781151886375,5.359460811518865,3.5568590811518863,3.683428818674863,3.948211152297104,3.6774742980273083,3.736510778816203,3.604811254866592,3.467388240042522,3.414833781138343,0,0,0,0,0,0,0,0,0,0,0,0,0,0,0,0,0,0
10:51:41,31.362930000000002,-21.333717000000004,-5.2680357,-3.6614675699999997,-4.387049757000001,-3.8687849756999997,-2.04448049757,-3.0436960497570005,0.10591519502430002,-0.20276428049757,1.007100571950243,1.5416640571950244,2.4658344057195025,0.9033386405719503,5.120775864057196,3.23746658640572,3.5568590811518863,3.683428818674863,3.948211152297104,3.6774742980273083,3.736510778816203,3.604811254866592,3.467388240042522,3.414833781138343,0,0,0,0,0,0,0,0,0,0,0,0,0,0,0,0,0,0
10:51:42,31.362930000000002,-21.333717000000004,-5.2680357,-3.9568835699999996,-4.121175357,-3.5467815356999997,-3.1939261535700005,-2.5678176153570003,-1.6189677615357,-0.43433487615357,1.161189512384643,1.6161579512384643,2.8279017951238465,1.0577531795123847,5.195320317951238,3.540445031795124,3.23746658640572,3.5568590811518863,3.683428818674863,3.948211152297104,3.6774742980273083,3.736510778816203,3.604811254866592,3.467388240042522,3.414833781138343,0,0,0,0,0,0,0,0,0,0,0,0,0,0,0,0,0,0
10:51:43,31.362930000000002,-23.106177000000002,-5.4452817,-3.67919217,-4.093406217,-2.6577656217,-2.2187945621700003,-2.765720456217,-1.9341740456217,-0.40677320456217,1.163945679543783,1.3801025679543784,2.449678256795438,0.8426191256795437,4.996497912567954,3.4614597912567957,3.540445031795124,3.23746658640572,3.5568590811518863,3.683428818674863,3.948211152297104,3.6774742980273083,3.736510778816203,3.604811254866592,3.467388240042522,3.414833781138343,0,0,0,0,0,0,0,0,0,0,0,0,0,0,0,0,0,0
10:51:44,33.13539,-20.270241000000002,-5.161688099999999,-3.3554168100000004,-3.765621681,-2.9204031681,-3.42670431681,-1.409449431681,-1.5031309431681001,-0.36366889431681,1.227341110568319,1.5046031110568319,2.4030253111056834,0.7788499311105683,5.167429993111057,3.4194499993111056,3.4614597912567957,3.540445031795124,3.23746658640572,3.5568590811518863,3.683428818674863,3.948211152297104,3.6774742980273083,3.736510778816203,3.604811254866592,3.467388240042522,3.414833781138343,0,0,0,0,0,0,0,0,0,0,0,0,0,0,0,0,0,0
10:51:45,31.362930000000002,-22.219947,-5.6520747,-3.6998714699999997,-3.5046511469999997,-3.1897131147000004,-3.1582193114700003,-1.382600931147,-1.5004460931147001,-0.36340040931147,1.168282959068853,1.7350282959068855,2.366964829590689,0.8343477829590689,5.1729797782959075,3.301789977829591,3.4194499993111056,3.4614597912567957,3.540445031795124,3.23746658640572,3.5568590811518863,3.683428818674863,3.948211152297104,3.6774742980273083,3.736510778816203,3.604811254866592,3.467388240042522,3.414833781138343,0,0,0,0,0,0,0,0,0,0,0,0,0,0,0,0,0,0
10:51:46,32.24916,-23.017554,-11.6400654,-4.594086539999999,-4.480311654,-3.2872791654,-3.75880791654,-1.1472455916539999,-1.4769105591654001,-0.06563445591653996,1.4343905544083462,1.8798090554408344,2.4996489055440834,0.9067200905544084,5.2393290090554405,3.485742900905544,3.301789977829591,3.4194499993111056,3.4614597912567957,3.540445031795124,3.23746658640572,3.5568590811518863,3.683428818674863,3.948211152297104,3.6774742980273083,3.736510778816203,3.604811254866592,3.467388240042522,3.414833781138343,0,0,0,0,0,0,0,0,0,0,0,0,0,0,0,0,0,0
10:51:46,29.590470000000003,-22.397193,-5.669799299999999,-3.40622793,-3.770702793,-3.5117342792999997,-3.78125342793,-1.444904342793,-1.2112694342793002,0.19725975657207,1.756095975657207,1.9119795975657206,2.798380959756572,1.054801095975657,5.3723431095975664,3.7354563109597567,3.485742900905544,3.301789977829591,3.4194499993111056,3.4614597912567957,3.540445031795124,3.23746658640572,3.5568590811518863,3.683428818674863,3.948211152297104,3.6774742980273083,3.736510778816203,3.604811254866592,3.467388240042522,3.414833781138343,0,0,0,0,0,0,0,0,0,0,0,0,0,0,0,0,0,0
10:51:47,30.4767,-20.53611,-6.074514000000001,-4.0375314,-4.12924014,-3.547588014,-3.7848388014,-0.8544362801399998,-1.7430456280139999,0.14408213719860008,1.86893921371986,2.1595859213719857,2.882244592137199,1.2995994592137199,5.574131945921372,3.932953194592137,3.7354563109597567,3.485742900905544,3.301789977829591,3.4194499993111056,3.4614597912567957,3.540445031795124,3.23746658640572,3.5568590811518863,3.683428818674863,3.948211152297104,3.6774742980273083,3.736510778816203,3.604811254866592,3.467388240042522,3.414833781138343,0,0,0,0,0,0,0,0,0,0,0,0,0,0,0,0,0,0
10:51:48,30.4767,-21.422340000000002,-5.8677209999999995,-3.7214360999999996,-3.5068076099999996,-3.780760761,-4.1035630761,-1.18172110761,-2.071190110761,0.11126768892390007,1.8065727688923898,1.9761032768892388,2.804793327688924,1.0554423327688924,5.60881923327689,3.818206923327689,3.932953194592137,3.7354563109597567,3.485742900905544,3.301789977829591,3.4194499993111056,3.4614597912567957,3.540445031795124,3.23746658640572,3.5568590811518863,3.683428818674863,3.948211152297104,3.6774742980273083,3.736510778816203,3.604811254866592,3.467388240042522,3.414833781138343,0,0,0,0,0,0,0,0,0,0,0,0,0,0,0,0,0,0
10:51:48,32.24916,-21.245094,-4.9637574,-3.9264557399999998,-3.8227255739999997,-4.1077595574,-3.8408559557399995,-0.26921319557399986,-1.6845233195574,0.09085206804426002,1.804531206804426,2.2122301206804424,2.6510970120680444,1.2764847012068046,5.453614470120681,3.8026864470120683,3.818206923327689,3.932953194592137,3.7354563109597567,3.485742900905544,3.301789977829591,3.4194499993111056,3.4614597912567957,3.540445031795124,3.23746658640572,3.5568590811518863,3.683428818674863,3.948211152297104,3.6774742980273083,3.736510778816203,3.604811254866592,3.467388240042522,3.414833781138343,0,0,0,0,0,0,0,0,0,0,0,0,0,0,0,0,0,0
10:51:49,30.4767,-20.53611,-5.483690999999999,-11.9546091,-3.73930191,-3.508594191,-4.0763464191,-0.29276224190999994,-0.8006410241909999,0.0019924975809000323,1.6774842497580902,2.081364424975809,2.815319442497581,1.0564949442497582,5.490718494424977,3.629087849442498,3.8026864470120683,3.818206923327689,3.932953194592137,3.7354563109597567,3.485742900905544,3.301789977829591,3.4194499993111056,3.4614597912567957,3.540445031795124,3.23746658640572,3.5568590811518863,3.683428818674863,3.948211152297104,3.6774742980273083,3.736510778816203,3.604811254866592,3.467388240042522,3.414833781138343,0,0,0,0,0,0,0,0,0,0,0,0,0,0,0,0,0,0
10:51:50,31.362930000000002,-22.219947,-5.3566587,-3.6703298699999998,-3.7971129869999998,-3.2189592987,-3.7519759298699995,0.6259084070130002,-1.2995951592987,-0.10698521592986998,1.489340478407013,1.9443800478407012,2.68341500478407,0.925096700478407,5.063848670047841,3.586400867004784,3.629087849442498,3.8026864470120683,3.818206923327689,3.932953194592137,3.7354563109597567,3.485742900905544,3.301789977829591,3.4194499993111056,3.4614597912567957,3.540445031795124,3.23746658640572,3.5568590811518863,3.683428818674863,3.948211152297104,3.6774742980273083,3.736510778816203,3.604811254866592,3.467388240042522,3.414833781138343,0,0,0,0,0,0,0,0,0,0,0,0,0,0,0,0,0,0
10:51:51,31.362930000000002,-21.333717000000004,-5.858858700000001,-3.7205498699999997,-3.5067189869999997,-4.0761588987,-3.5422798898699996,0.6468780110130001,-0.7066769988987,-0.28402349988986997,1.4125516500110131,1.8185401650011015,2.3162040165001105,0.9474795016500109,5.184292950165001,3.3620332950165,3.586400867004784,3.629087849442498,3.8026864470120683,3.818206923327689,3.932953194592137,3.7354563109597567,3.485742900905544,3.301789977829591,3.4194499993111056,3.4614597912567957,3.540445031795124,3.23746658640572,3.5568590811518863,3.683428818674863,3.948211152297104,3.6774742980273083,3.736510778816203,3.604811254866592,3.467388240042522,3.414833781138343,0,0,0,0,0,0,0,0,0,0,0,0,0,0,0,0,0,0
10:51:51,32.24916,-21.245094,-4.6683504,-3.8969150399999997,-3.8197715039999998,-2.6304021504,-3.1022882150400006,1.281709178496,-0.6431938821504,-0.21859198821504,1.419094801178496,1.8191944801178497,2.434484448011785,0.9593075448011784,5.244587754480118,3.4271657754480116,3.3620332950165,3.586400867004784,3.629087849442498,3.8026864470120683,3.818206923327689,3.932953194592137,3.7354563109597567,3.485742900905544,3.301789977829591,3.4194499993111056,3.4614597912567957,3.540445031795124,3.23746658640572,3.5568590811518863,3.683428818674863,3.948211152297104,3.6774742980273083,3.736510778816203,3.604811254866592,3.467388240042522,3.414833781138343,0,0,0,0,0,0,0,0,0,0,0,0,0,0,0,0,0,0
10:51:52,32.24916,-21.245094,-4.077527399999999,-3.8378327399999996,-3.8138632739999996,-3.5160503274,-3.4862690327399997,0.6524790967260001,-0.7061168903274,0.07052811096726,1.566167811096726,1.9520627811096725,2.6250802781109677,0.9783671278110967,5.1282787127811105,3.415534871278111,3.4271657754480116,3.3620332950165,3.586400867004784,3.629087849442498,3.8026864470120683,3.818206923327689,3.932953194592137,3.7354563109597567,3.485742900905544,3.301789977829591,3.4194499993111056,3.4614597912567957,3.540445031795124,3.23746658640572,3.5568590811518863,3.683428818674863,3.948211152297104,3.6774742980273083,3.736510778816203,3.604811254866592,3.467388240042522,3.414833781138343,0,0,0,0,0,0,0,0,0,0,0,0,0,0,0,0,0,0
10:51:53,33.13539,-21.156471000000003,-4.6594881,-1.2373136099999997,-3.5538113609999997,-3.7854611360999995,-3.5132101136099996,-0.23644861136099987,-0.4995972611361,0.09118007388638999,1.627318007388639,2.0763478007388643,2.637508780073887,1.0387138780073886,5.37073438780074,3.557986438780074,3.415534871278111,3.4271657754480116,3.3620332950165,3.586400867004784,3.629087849442498,3.8026864470120683,3.818206923327689,3.932953194592137,3.7354563109597567,3.485742900905544,3.301789977829591,3.4194499993111056,3.4614597912567957,3.540445031795124,3.23746658640572,3.5568590811518863,3.683428818674863,3.948211152297104,3.6774742980273083,3.736510778816203,3.604811254866592,3.467388240042522,3.414833781138343,0,0,0,0,0,0,0,0,0,0,0,0,0,0,0,0,0,0
10:51:54,34.02162,-21.067848,-5.5368648,-3.39293448,-3.4739574479999997,-3.1866437448000005,-3.7487443744799998,-0.26000203744799993,-0.7973650037447999,0.17956789962552,1.695241789962552,2.024055178996255,2.7504855178996257,1.2273205517899624,5.626007055178997,3.5244107055178997,3.557986438780074,3.415534871278111,3.4271657754480116,3.3620332950165,3.586400867004784,3.629087849442498,3.8026864470120683,3.818206923327689,3.932953194592137,3.7354563109597567,3.485742900905544,3.301789977829591,3.4194499993111056,3.4614597912567957,3.540445031795124,3.23746658640572,3.5568590811518863,3.683428818674863,3.948211152297104,3.6774742980273083,3.736510778816203,3.604811254866592,3.467388240042522,3.414833781138343,0,0,0,0,0,0,0,0,0,0,0,0,0,0,0,0,0,0
10:51:54,32.24916,-20.358864,-4.8751344,-3.3267614400000003,-3.1719241440000006,-3.4518564144,-2.88902664144,-0.764855064144,-1.1432645064144,0.08589564935856003,1.4495435649358561,1.7040693564935856,2.895795935649359,1.2418515935649357,5.6274601593564935,3.8200710159356497,3.5244107055178997,3.557986438780074,3.415534871278111,3.4271657754480116,3.3620332950165,3.586400867004784,3.629087849442498,3.8026864470120683,3.818206923327689,3.932953194592137,3.7354563109597567,3.485742900905544,3.301789977829591,3.4194499993111056,3.4614597912567957,3.540445031795124,3.23746658640572,3.5568590811518863,3.683428818674863,3.948211152297104,3.6774742980273083,3.736510778816203,3.604811254866592,3.467388240042522,3.414833781138343,0,0,0,0,0,0,0,0,0,0,0,0,0,0,0,0,0,0
10:51:55,34.02162,-21.067848,-4.3552098,-3.8656009799999995,-3.2258080980000003,-3.1618288098000003,-3.45084688098,-2.002686688098,-2.7441096688098,-0.07418886688097992,1.610781113311902,1.89744811133119,2.442309811133119,1.019193981113312,5.368782398111332,3.498688239811133,3.8200710159356497,3.5244107055178997,3.557986438780074,3.415534871278111,3.4271657754480116,3.3620332950165,3.586400867004784,3.629087849442498,3.8026864470120683,3.818206923327689,3.932953194592137,3.7354563109597567,3.485742900905544,3.301789977829591,3.4194499993111056,3.4614597912567957,3.540445031795124,3.23746658640572,3.5568590811518863,3.683428818674863,3.948211152297104,3.6774742980273083,3.736510778816203,3.604811254866592,3.467388240042522,3.414833781138343,0,0,0,0,0,0,0,0,0,0,0,0,0,0,0,0,0,0
10:51:56,33.13539,-20.270241000000002,-4.8662721,-4.5075302100000005,-3.2900010210000006,-3.4636641021,-3.48103041021,-3.1873510410210004,-1.0900999041021,0.09121210958979004,1.745491210958979,2.0290801210958977,2.7509880121095898,1.109165701210959,5.614191570121096,3.5232291570121097,3.498688239811133,3.8200710159356497,3.5244107055178997,3.557986438780074,3.415534871278111,3.4271657754480116,3.3620332950165,3.586400867004784,3.629087849442498,3.8026864470120683,3.818206923327689,3.932953194592137,3.7354563109597567,3.485742900905544,3.301789977829591,3.4194499993111056,3.4614597912567957,3.540445031795124,3.23746658640572,3.5568590811518863,3.683428818674863,3.948211152297104,3.6774742980273083,3.736510778816203,3.604811254866592,3.467388240042522,3.414833781138343,0,0,0,0,0,0,0,0,0,0,0,0,0,0,0,0,0,0
10:51:56,36.68031,-19.915749,-3.9445929,-3.8245392899999997,-3.2217019290000004,-3.4568341928999997,-3.7757634192899996,-2.330594341929,-1.5952454341929,0.04069755658071003,1.6813547556580712,2.0817514755658073,2.9926671475565807,1.133333614755658,5.557505361475566,3.6948695361475563,3.5232291570121097,3.498688239811133,3.8200710159356497,3.5244107055178997,3.557986438780074,3.415534871278111,3.4271657754480116,3.3620332950165,3.586400867004784,3.629087849442498,3.8026864470120683,3.818206923327689,3.932953194592137,3.7354563109597567,3.485742900905544,3.301789977829591,3.4194499993111056,3.4614597912567957,3.540445031795124,3.23746658640572,3.5568590811518863,3.683428818674863,3.948211152297104,3.6774742980273083,3.736510778816203,3.604811254866592,3.467388240042522,3.414833781138343,0,0,0,0,0,0,0,0,0,0,0,0,0,0,0,0,0,0
10:51:57,34.02162,-21.067848,-4.3552098,-3.8656009799999995,-3.8166400979999997,-2.9255050097999997,-3.1317985009800005,-3.1524278500980003,-1.3820217850098002,0.0029376214990199934,1.5003327621499019,1.94547927621499,2.801730927621499,1.1733438927621498,5.561506389276215,3.6952696389276216,3.6948695361475563,3.5232291570121097,3.498688239811133,3.8200710159356497,3.5244107055178997,3.557986438780074,3.415534871278111,3.4271657754480116,3.3620332950165,3.586400867004784,3.629087849442498,3.8026864470120683,3.818206923327689,3.932953194592137,3.7354563109597567,3.485742900905544,3.301789977829591,3.4194499993111056,3.4614597912567957,3.540445031795124,3.23746658640572,3.5568590811518863,3.683428818674863,3.948211152297104,3.6774742980273083,3.736510778816203,3.604811254866592,3.467388240042522,3.414833781138343,0,0,0,0,0,0,0,0,0,0,0,0,0,0,0,0,0,0
10:51:58,34.02162,-20.181618,-4.5620028,-3.88628028,-2.932469028,-2.5416719028,-2.50259219028,-2.794100219028,-1.0507748219028,-0.08210318219027997,1.432743681780972,1.7023893681780973,2.89562793681781,1.1236296936817811,5.320122969368178,3.552925296936818,3.6952696389276216,3.6948695361475563,3.5232291570121097,3.498688239811133,3.8200710159356497,3.5244107055178997,3.557986438780074,3.415534871278111,3.4271657754480116,3.3620332950165,3.586400867004784,3.629087849442498,3.8026864470120683,3.818206923327689,3.932953194592137,3.7354563109597567,3.485742900905544,3.301789977829591,3.4194499993111056,3.4614597912567957,3.540445031795124,3.23746658640572,3.5568590811518863,3.683428818674863,3.948211152297104,3.6774742980273083,3.736510778816203,3.604811254866592,3.467388240042522,3.414833781138343,0,0,0,0,0,0,0,0,0,0,0,0,0,0,0,0,0,0
10:51:59,33.13539,-21.156471000000003,-4.6594881,-3.89602881,-3.524266881,-3.7825066881,-2.33126866881,-2.481551866881,-0.7241075866880999,-0.22668335866880998,1.1228696641331193,1.435079966413312,2.6915879966413314,0.7486022996641332,5.164405229966413,3.3600445229966414,3.552925296936818,3.6952696389276216,3.6948695361475563,3.5232291570121097,3.498688239811133,3.8200710159356497,3.5244107055178997,3.557986438780074,3.415534871278111,3.4271657754480116,3.3620332950165,3.586400867004784,3.629087849442498,3.8026864470120683,3.818206923327689,3.932953194592137,3.7354563109597567,3.485742900905544,3.301789977829591,3.4194499993111056,3.4614597912567957,3.540445031795124,3.23746658640572,3.5568590811518863,3.683428818674863,3.948211152297104,3.6774742980273083,3.736510778816203,3.604811254866592,3.467388240042522,3.414833781138343,0,0,0,0,0,0,0,0,0,0,0,0,0,0,0,0,0,0
10:51:59,34.907849999999996,-21.865455,-4.7303865,-3.60770265,-3.200018265,-3.7500818264999998,-2.32802618265,-2.776643618265,-0.45820436182649993,-0.14101073618264998,1.1314369263817352,1.4359366926381736,2.2779436692638177,0.7072378669263818,5.101165786692639,3.235505578669264,3.3600445229966414,3.552925296936818,3.6952696389276216,3.6948695361475563,3.5232291570121097,3.498688239811133,3.8200710159356497,3.5244107055178997,3.557986438780074,3.415534871278111,3.4271657754480116,3.3620332950165,3.586400867004784,3.629087849442498,3.8026864470120683,3.818206923327689,3.932953194592137,3.7354563109597567,3.485742900905544,3.301789977829591,3.4194499993111056,3.4614597912567957,3.540445031795124,3.23746658640572,3.5568590811518863,3.683428818674863,3.948211152297104,3.6774742980273083,3.736510778816203,3.604811254866592,3.467388240042522,3.414833781138343,0,0,0,0,0,0,0,0,0,0,0,0,0,0,0,0,0,0
10:52:00,34.907849999999996,-22.751685000000002,-5.1144165,-3.9415216499999994,-2.642577165,-3.3989217165,-2.88373317165,-2.832214317165,0.12706336828350007,-0.08248396317165001,1.1372896036828353,1.4365219603682835,2.3962171960368286,0.8372730196036828,4.995963301960368,3.165882330196037,3.235505578669264,3.3600445229966414,3.552925296936818,3.6952696389276216,3.6948695361475563,3.5232291570121097,3.498688239811133,3.8200710159356497,3.5244107055178997,3.557986438780074,3.415534871278111,3.4271657754480116,3.3620332950165,3.586400867004784,3.629087849442498,3.8026864470120683,3.818206923327689,3.932953194592137,3.7354563109597567,3.485742900905544,3.301789977829591,3.4194499993111056,3.4614597912567957,3.540445031795124,3.23746658640572,3.5568590811518863,3.683428818674863,3.948211152297104,3.6774742980273083,3.736510778816203,3.604811254866592,3.467388240042522,3.414833781138343,0,0,0,0,0,0,0,0,0,0,0,0,0,0,0,0,0,0
10:52:01,34.02162,-21.067848,-4.9460328,-3.9246832799999996,-3.231716328,-3.7532516327999996,-2.62375016328,-3.6924550163279997,-0.8451979016328,-0.35695789016328,0.932596210983672,1.3569676210983672,2.506467762109837,0.6118824762109836,4.914321247621098,3.45324212476211,3.165882330196037,3.235505578669264,3.3600445229966414,3.552925296936818,3.6952696389276216,3.6948695361475563,3.5232291570121097,3.498688239811133,3.8200710159356497,3.5244107055178997,3.557986438780074,3.415534871278111,3.4271657754480116,3.3620332950165,3.586400867004784,3.629087849442498,3.8026864470120683,3.818206923327689,3.932953194592137,3.7354563109597567,3.485742900905544,3.301789977829591,3.4194499993111056,3.4614597912567957,3.540445031795124,3.23746658640572,3.5568590811518863,3.683428818674863,3.948211152297104,3.6774742980273083,3.736510778816203,3.604811254866592,3.467388240042522,3.414833781138343,0,0,0,0,0,0,0,0,0,0,0,0,0,0,0,0,0,0
10:52:01,34.907849999999996,-20.979225000000003,-4.050940499999999,-3.8351740499999996,-2.631942405,-3.6932742404999996,-2.32234542405,-4.843960542405,-1.2557608542404999,-0.16168408542404997,0.893038591457595,1.2939268591457596,2.381957685914576,0.7176392685914577,5.161308926859146,3.3006228926859147,3.45324212476211,3.165882330196037,3.235505578669264,3.3600445229966414,3.552925296936818,3.6952696389276216,3.6948695361475563,3.5232291570121097,3.498688239811133,3.8200710159356497,3.5244107055178997,3.557986438780074,3.415534871278111,3.4271657754480116,3.3620332950165,3.586400867004784,3.629087849442498,3.8026864470120683,3.818206923327689,3.932953194592137,3.7354563109597567,3.485742900905544,3.301789977829591,3.4194499993111056,3.4614597912567957,3.540445031795124,3.23746658640572,3.5568590811518863,3.683428818674863,3.948211152297104,3.6774742980273083,3.736510778816203,3.604811254866592,3.467388240042522,3.414833781138343,0,0,0,0,0,0,0,0,0,0,0,0,0,0,0,0,0,0
10:52:02,34.02162,-19.295388,-4.7687868,-3.3161266800000004,-3.1708606680000004,-3.4517500668,-2.59360000668,-4.575670000668,-0.9335194000667999,-0.07037764000667997,1.256670235999332,1.507536023599933,2.8761426023599936,0.8852655602359993,5.0598655560236,3.4086935556023596,3.3006228926859147,3.45324212476211,3.165882330196037,3.235505578669264,3.3600445229966414,3.552925296936818,3.6952696389276216,3.6948695361475563,3.5232291570121097,3.498688239811133,3.8200710159356497,3.5244107055178997,3.557986438780074,3.415534871278111,3.4271657754480116,3.3620332950165,3.586400867004784,3.629087849442498,3.8026864470120683,3.818206923327689,3.932953194592137,3.7354563109597567,3.485742900905544,3.301789977829591,3.4194499993111056,3.4614597912567957,3.540445031795124,3.23746658640572,3.5568590811518863,3.683428818674863,3.948211152297104,3.6774742980273083,3.736510778816203,3.604811254866592,3.467388240042522,3.414833781138343,0,0,0,0,0,0,0,0,0,0,0,0,0,0,0,0,0,0
10:52:03,34.907849999999996,-22.751685000000002,-4.2281865,-3.8528986499999998,-3.2245378650000003,-2.8662947865,-3.1258774786500005,-5.219729747865,-1.8841589747865002,-0.28360619747865,1.176262380252135,1.5585802380252136,2.6448350238025213,0.9803426023802521,5.187579260238025,3.4805679260238027,3.4086935556023596,3.3006228926859147,3.45324212476211,3.165882330196037,3.235505578669264,3.3600445229966414,3.552925296936818,3.6952696389276216,3.6948695361475563,3.5232291570121097,3.498688239811133,3.8200710159356497,3.5244107055178997,3.557986438780074,3.415534871278111,3.4271657754480116,3.3620332950165,3.586400867004784,3.629087849442498,3.8026864470120683,3.818206923327689,3.932953194592137,3.7354563109597567,3.485742900905544,3.301789977829591,3.4194499993111056,3.4614597912567957,3.540445031795124,3.23746658640572,3.5568590811518863,3.683428818674863,3.948211152297104,3.6774742980273083,3.736510778816203,3.604811254866592,3.467388240042522,3.414833781138343,0,0,0,0,0,0,0,0,0,0,0,0,0,0,0,0,0,0
10:52:03,32.24916,-23.017554,-4.5501803999999995,-3.8850980399999995,-3.8185898039999997,-3.8119389804,-3.2204418980400003,-4.933770189804,-1.8555630189804,-0.04441650189803997,1.4365123498101962,1.7027662349810195,2.659253623498102,1.0999922623498102,5.0813382262349815,3.4699438226234984,3.4805679260238027,3.4086935556023596,3.3006228926859147,3.45324212476211,3.165882330196037,3.235505578669264,3.3600445229966414,3.552925296936818,3.6952696389276216,3.6948695361475563,3.5232291570121097,3.498688239811133,3.8200710159356497,3.5244107055178997,3.557986438780074,3.415534871278111,3.4271657754480116,3.3620332950165,3.586400867004784,3.629087849442498,3.8026864470120683,3.818206923327689,3.932953194592137,3.7354563109597567,3.485742900905544,3.301789977829591,3.4194499993111056,3.4614597912567957,3.540445031795124,3.23746658640572,3.5568590811518863,3.683428818674863,3.948211152297104,3.6774742980273083,3.736510778816203,3.604811254866592,3.467388240042522,3.414833781138343,0,0,0,0,0,0,0,0,0,0,0,0,0,0,0,0,0,0
10:52:04,34.907849999999996,-21.865455,-4.7303865,-3.01687965,-2.8455289649999997,-3.1238008965000006,-2.85622108965,-4.601932108964999,-1.8223792108965,0.13614877891035007,1.749984877891035,1.8522834877891037,2.8515143487789105,1.355629434877891,5.52063194348779,3.691182194348779,3.4699438226234984,3.4805679260238027,3.4086935556023596,3.3006228926859147,3.45324212476211,3.165882330196037,3.235505578669264,3.3600445229966414,3.552925296936818,3.6952696389276216,3.6948695361475563,3.5232291570121097,3.498688239811133,3.8200710159356497,3.5244107055178997,3.557986438780074,3.415534871278111,3.4271657754480116,3.3620332950165,3.586400867004784,3.629087849442498,3.8026864470120683,3.818206923327689,3.932953194592137,3.7354563109597567,3.485742900905544,3.301789977829591,3.4194499993111056,3.4614597912567957,3.540445031795124,3.23746658640572,3.5568590811518863,3.683428818674863,3.948211152297104,3.6774742980273083,3.736510778816203,3.604811254866592,3.467388240042522,3.414833781138343,0,0,0,0,0,0,0,0,0,0,0,0,0,0,0,0,0,0
10:52:05,32.24916,-22.131324,-5.938619399999999,-3.72852594,-2.916693594,-1.9492713594,-3.32959113594,-4.944685113594,-0.9704209113593998,0.16226230886406004,1.4571802308864061,1.8230030230886407,2.8485863023088642,1.1780294302308862,5.4437689430230884,3.742598894302309,3.691182194348779,3.4699438226234984,3.4805679260238027,3.4086935556023596,3.3006228926859147,3.45324212476211,3.165882330196037,3.235505578669264,3.3600445229966414,3.552925296936818,3.6952696389276216,3.6948695361475563,3.5232291570121097,3.498688239811133,3.8200710159356497,3.5244107055178997,3.557986438780074,3.415534871278111,3.4271657754480116,3.3620332950165,3.586400867004784,3.629087849442498,3.8026864470120683,3.818206923327689,3.932953194592137,3.7354563109597567,3.485742900905544,3.301789977829591,3.4194499993111056,3.4614597912567957,3.540445031795124,3.23746658640572,3.5568590811518863,3.683428818674863,3.948211152297104,3.6774742980273083,3.736510778816203,3.604811254866592,3.467388240042522,3.414833781138343,0,0,0,0,0,0,0,0,0,0,0,0,0,0,0,0,0,0
10:52:05,31.362930000000002,-20.447487000000002,-4.5885897,-3.2981069700000005,-3.1690586970000005,-3.7469858696999996,-3.8047785869699995,-4.401380858697,-1.5069170858697,-0.06863510858696997,1.6704214891413032,1.8443271489141304,2.791615714891413,1.0541245714891412,5.431378457148914,3.5640508457148914,3.742598894302309,3.691182194348779,3.4699438226234984,3.4805679260238027,3.4086935556023596,3.3006228926859147,3.45324212476211,3.165882330196037,3.235505578669264,3.3600445229966414,3.552925296936818,3.6952696389276216,3.6948695361475563,3.5232291570121097,3.498688239811133,3.8200710159356497,3.5244107055178997,3.557986438780074,3.415534871278111,3.4271657754480116,3.3620332950165,3.586400867004784,3.629087849442498,3.8026864470120683,3.818206923327689,3.932953194592137,3.7354563109597567,3.485742900905544,3.301789977829591,3.4194499993111056,3.4614597912567957,3.540445031795124,3.23746658640572,3.5568590811518863,3.683428818674863,3.948211152297104,3.6774742980273083,3.736510778816203,3.604811254866592,3.467388240042522,3.414833781138343,0,0,0,0,0,0,0,0,0,0,0,0,0,0,0,0,0,0
10:52:06,32.24916,-21.245094,-4.9637574,-3.63103974,-3.2023519740000004,-4.3411381974,-2.97795481974,-4.318698481974001,-1.7940558481974,0.07989881518026001,1.5080288815180258,1.7690028881518027,2.9613922888151802,1.071102228881518,5.551282222888152,3.7533502222888155,3.5640508457148914,3.742598894302309,3.691182194348779,3.4699438226234984,3.4805679260238027,3.4086935556023596,3.3006228926859147,3.45324212476211,3.165882330196037,3.235505578669264,3.3600445229966414,3.552925296936818,3.6952696389276216,3.6948695361475563,3.5232291570121097,3.498688239811133,3.8200710159356497,3.5244107055178997,3.557986438780074,3.415534871278111,3.4271657754480116,3.3620332950165,3.586400867004784,3.629087849442498,3.8026864470120683,3.818206923327689,3.932953194592137,3.7354563109597567,3.485742900905544,3.301789977829591,3.4194499993111056,3.4614597912567957,3.540445031795124,3.23746658640572,3.5568590811518863,3.683428818674863,3.948211152297104,3.6774742980273083,3.736510778816203,3.604811254866592,3.467388240042522,3.414833781138343,0,0,0,0,0,0,0,0,0,0,0,0,0,0,0,0,0,0
10:52:07,32.24916,-22.131324,-5.0523804,-3.9353180399999994,-3.232779804,-3.7533579803999997,-2.32835379804,-3.958322379804,-1.4626112379804002,-0.18236912379804,1.363632087620196,1.6954782087620197,2.717627820876202,0.9285179820876202,5.241508798208762,3.604166879820876,3.7533502222888155,3.5640508457148914,3.742598894302309,3.691182194348779,3.4699438226234984,3.4805679260238027,3.4086935556023596,3.3006228926859147,3.45324212476211,3.165882330196037,3.235505578669264,3.3600445229966414,3.552925296936818,3.6952696389276216,3.6948695361475563,3.5232291570121097,3.498688239811133,3.8200710159356497,3.5244107055178997,3.557986438780074,3.415534871278111,3.4271657754480116,3.3620332950165,3.586400867004784,3.629087849442498,3.8026864470120683,3.818206923327689,3.932953194592137,3.7354563109597567,3.485742900905544,3.301789977829591,3.4194499993111056,3.4614597912567957,3.540445031795124,3.23746658640572,3.5568590811518863,3.683428818674863,3.948211152297104,3.6774742980273083,3.736510778816203,3.604811254866592,3.467388240042522,3.414833781138343,0,0,0,0,0,0,0,0,0,0,0,0,0,0,0,0,0,0
10:52:08,31.362930000000002,-20.447487000000002,-4.883996700000001,-3.91847967,-3.526511967,-3.7827311966999995,-2.92211411967,-3.426875411967,-0.8186399411966999,-0.29521979411967,1.056940020588033,1.3694020020588034,2.3895052002058805,0.777497920020588,5.167294792002059,3.3603334792002055,3.604166879820876,3.7533502222888155,3.5640508457148914,3.742598894302309,3.691182194348779,3.4699438226234984,3.4805679260238027,3.4086935556023596,3.3006228926859147,3.45324212476211,3.165882330196037,3.235505578669264,3.3600445229966414,3.552925296936818,3.6952696389276216,3.6948695361475563,3.5232291570121097,3.498688239811133,3.8200710159356497,3.5244107055178997,3.557986438780074,3.415534871278111,3.4271657754480116,3.3620332950165,3.586400867004784,3.629087849442498,3.8026864470120683,3.818206923327689,3.932953194592137,3.7354563109597567,3.485742900905544,3.301789977829591,3.4194499993111056,3.4614597912567957,3.540445031795124,3.23746658640572,3.5568590811518863,3.683428818674863,3.948211152297104,3.6774742980273083,3.736510778816203,3.604811254866592,3.467388240042522,3.414833781138343,0,0,0,0,0,0,0,0,0,0,0,0,0,0,0,0,0,0
10:52:09,33.13539,-21.156471000000003,-4.9548951,-3.92556951,-3.527220951,-3.4873860950999997,-2.89257960951,-3.4239219609509997,-2.2954101960951,-0.26564901960950993,1.4734740980390488,1.529216409803905,2.4054866409803908,1.015511664098039,5.250208166409804,3.5459338166409804,3.3603334792002055,3.604166879820876,3.7533502222888155,3.5640508457148914,3.742598894302309,3.691182194348779,3.4699438226234984,3.4805679260238027,3.4086935556023596,3.3006228926859147,3.45324212476211,3.165882330196037,3.235505578669264,3.3600445229966414,3.552925296936818,3.6952696389276216,3.6948695361475563,3.5232291570121097,3.498688239811133,3.8200710159356497,3.5244107055178997,3.557986438780074,3.415534871278111,3.4271657754480116,3.3620332950165,3.586400867004784,3.629087849442498,3.8026864470120683,3.818206923327689,3.932953194592137,3.7354563109597567,3.485742900905544,3.301789977829591,3.4194499993111056,3.4614597912567957,3.540445031795124,3.23746658640572,3.5568590811518863,3.683428818674863,3.948211152297104,3.6774742980273083,3.736510778816203,3.604811254866592,3.467388240042522,3.414833781138343,0,0,0,0,0,0,0,0,0,0,0,0,0,0,0,0,0,0
10:52:09,32.24916,-22.131324,-5.347796399999999,-3.9648596399999994,-3.531149964,-3.4877789964,-2.89261889964,-2.537686889964,-2.5021936889964,-0.58173976889964,1.205534023110036,1.5024224023110035,2.4028072402311005,0.7197242240231101,5.0433114224023115,3.407038142240231,3.5459338166409804,3.3603334792002055,3.604166879820876,3.7533502222888155,3.5640508457148914,3.742598894302309,3.691182194348779,3.4699438226234984,3.4805679260238027,3.4086935556023596,3.3006228926859147,3.45324212476211,3.165882330196037,3.235505578669264,3.3600445229966414,3.552925296936818,3.6952696389276216,3.6948695361475563,3.5232291570121097,3.498688239811133,3.8200710159356497,3.5244107055178997,3.557986438780074,3.415534871278111,3.4271657754480116,3.3620332950165,3.586400867004784,3.629087849442498,3.8026864470120683,3.818206923327689,3.932953194592137,3.7354563109597567,3.485742900905544,3.301789977829591,3.4194499993111056,3.4614597912567957,3.540445031795124,3.23746658640572,3.5568590811518863,3.683428818674863,3.948211152297104,3.6774742980273083,3.736510778816203,3.604811254866592,3.467388240042522,3.414833781138343,0,0,0,0,0,0,0,0,0,0,0,0,0,0,0,0,0,0
10:52:10,32.24916,-21.245094,-5.2591734,-3.9559973399999997,-3.234847734,-3.7535647734,-2.62378147734,-1.624564147734,-0.9338212147734,-0.30673792147733997,1.173949207852266,1.4401879207852266,2.219265792078523,0.7013700792078523,5.041476007920785,3.4659576007920787,3.407038142240231,3.5459338166409804,3.3603334792002055,3.604166879820876,3.7533502222888155,3.5640508457148914,3.742598894302309,3.691182194348779,3.4699438226234984,3.4805679260238027,3.4086935556023596,3.3006228926859147,3.45324212476211,3.165882330196037,3.235505578669264,3.3600445229966414,3.552925296936818,3.6952696389276216,3.6948695361475563,3.5232291570121097,3.498688239811133,3.8200710159356497,3.5244107055178997,3.557986438780074,3.415534871278111,3.4271657754480116,3.3620332950165,3.586400867004784,3.629087849442498,3.8026864470120683,3.818206923327689,3.932953194592137,3.7354563109597567,3.485742900905544,3.301789977829591,3.4194499993111056,3.4614597912567957,3.540445031795124,3.23746658640572,3.5568590811518863,3.683428818674863,3.948211152297104,3.6774742980273083,3.736510778816203,3.604811254866592,3.467388240042522,3.414833781138343,0,0,0,0,0,0,0,0,0,0,0,0,0,0,0,0,0,0
10:52:11,32.24916,-22.131324,-11.846912399999999,-6.38724024,-3.773388024,-3.2165868024,-2.5700836802400002,-2.210026368024,-1.2877816368024002,-0.46029856368024,1.2176781436319761,1.5627218143631976,2.5270431814363197,0.8503556181436319,5.115477561814364,3.4733577561814366,3.4659576007920787,3.407038142240231,3.5459338166409804,3.3603334792002055,3.604166879820876,3.7533502222888155,3.5640508457148914,3.742598894302309,3.691182194348779,3.4699438226234984,3.4805679260238027,3.4086935556023596,3.3006228926859147,3.45324212476211,3.165882330196037,3.235505578669264,3.3600445229966414,3.552925296936818,3.6952696389276216,3.6948695361475563,3.5232291570121097,3.498688239811133,3.8200710159356497,3.5244107055178997,3.557986438780074,3.415534871278111,3.4271657754480116,3.3620332950165,3.586400867004784,3.629087849442498,3.8026864470120683,3.818206923327689,3.932953194592137,3.7354563109597567,3.485742900905544,3.301789977829591,3.4194499993111056,3.4614597912567957,3.540445031795124,3.23746658640572,3.5568590811518863,3.683428818674863,3.948211152297104,3.6774742980273083,3.736510778816203,3.604811254866592,3.467388240042522,3.414833781138343,0,0,0,0,0,0,0,0,0,0,0,0,0,0,0,0,0,0
10:52:11,30.4767,-22.30857,-5.365520999999999,-4.5574551,-4.7720555099999995,-4.202692551,-3.5549332551,-1.71767932551,-0.9431327325509999,-0.4849159732551,1.39246240267449,1.580200240267449,2.4696880240267447,0.7264123024026745,5.221298230240268,3.306621823024027,3.4733577561814366,3.4659576007920787,3.407038142240231,3.5459338166409804,3.3603334792002055,3.604166879820876,3.7533502222888155,3.5640508457148914,3.742598894302309,3.691182194348779,3.4699438226234984,3.4805679260238027,3.4086935556023596,3.3006228926859147,3.45324212476211,3.165882330196037,3.235505578669264,3.3600445229966414,3.552925296936818,3.6952696389276216,3.6948695361475563,3.5232291570121097,3.498688239811133,3.8200710159356497,3.5244107055178997,3.557986438780074,3.415534871278111,3.4271657754480116,3.3620332950165,3.586400867004784,3.629087849442498,3.8026864470120683,3.818206923327689,3.932953194592137,3.7354563109597567,3.485742900905544,3.301789977829591,3.4194499993111056,3.4614597912567957,3.540445031795124,3.23746658640572,3.5568590811518863,3.683428818674863,3.948211152297104,3.6774742980273083,3.736510778816203,3.604811254866592,3.467388240042522,3.414833781138343,0,0,0,0,0,0,0,0,0,0,0,0,0,0,0,0,0,0
10:52:12,31.362930000000002,-23.106177000000002,-5.7406977,-4.00414977,-3.830494977,-2.6314744977,-3.39781144977,-0.8157335449769999,-1.4437593544977,-0.18048393544976998,1.4229056064550232,1.7014055606455023,2.3636025560645506,0.834011555606455,5.409367155560646,3.5027467155560648,3.306621823024027,3.4733577561814366,3.4659576007920787,3.407038142240231,3.5459338166409804,3.3603334792002055,3.604166879820876,3.7533502222888155,3.5640508457148914,3.742598894302309,3.691182194348779,3.4699438226234984,3.4805679260238027,3.4086935556023596,3.3006228926859147,3.45324212476211,3.165882330196037,3.235505578669264,3.3600445229966414,3.552925296936818,3.6952696389276216,3.6948695361475563,3.5232291570121097,3.498688239811133,3.8200710159356497,3.5244107055178997,3.557986438780074,3.415534871278111,3.4271657754480116,3.3620332950165,3.586400867004784,3.629087849442498,3.8026864470120683,3.818206923327689,3.932953194592137,3.7354563109597567,3.485742900905544,3.301789977829591,3.4194499993111056,3.4614597912567957,3.540445031795124,3.23746658640572,3.5568590811518863,3.683428818674863,3.948211152297104,3.6774742980273083,3.736510778816203,3.604811254866592,3.467388240042522,3.414833781138343,0,0,0,0,0,0,0,0,0,0,0,0,0,0,0,0,0,0
10:52:13,31.362930000000002,-21.333717000000004,-5.2680357,-4.25229057,-3.855309057,-3.5201949057,-3.48668349057,-1.710854349057,-1.8286874349057,-0.15989444349056997,1.720380555650943,1.9084080555650942,2.6207148055565095,0.918826680555651,5.417848668055565,3.5626978668055567,3.5027467155560648,3.306621823024027,3.4733577561814366,3.4659576007920787,3.407038142240231,3.5459338166409804,3.3603334792002055,3.604166879820876,3.7533502222888155,3.5640508457148914,3.742598894302309,3.691182194348779,3.4699438226234984,3.4805679260238027,3.4086935556023596,3.3006228926859147,3.45324212476211,3.165882330196037,3.235505578669264,3.3600445229966414,3.552925296936818,3.6952696389276216,3.6948695361475563,3.5232291570121097,3.498688239811133,3.8200710159356497,3.5244107055178997,3.557986438780074,3.415534871278111,3.4271657754480116,3.3620332950165,3.586400867004784,3.629087849442498,3.8026864470120683,3.818206923327689,3.932953194592137,3.7354563109597567,3.485742900905544,3.301789977829591,3.4194499993111056,3.4614597912567957,3.540445031795124,3.23746658640572,3.5568590811518863,3.683428818674863,3.948211152297104,3.6774742980273083,3.736510778816203,3.604811254866592,3.467388240042522,3.414833781138343,0,0,0,0,0,0,0,0,0,0,0,0,0,0,0,0,0,0
10:52:14,29.590470000000003,-21.510963000000004,-5.2857603,-3.66324003,-4.091811003,-3.5438451003,-4.07987151003,-1.770173151003,-1.8346193151003,0.07584246848997003,1.803030246848997,2.1529950246848997,2.88158550246849,1.063121550246849,5.550484155024685,3.5759614155024684,3.5626978668055567,3.5027467155560648,3.306621823024027,3.4733577561814366,3.4659576007920787,3.407038142240231,3.5459338166409804,3.3603334792002055,3.604166879820876,3.7533502222888155,3.5640508457148914,3.742598894302309,3.691182194348779,3.4699438226234984,3.4805679260238027,3.4086935556023596,3.3006228926859147,3.45324212476211,3.165882330196037,3.235505578669264,3.3600445229966414,3.552925296936818,3.6952696389276216,3.6948695361475563,3.5232291570121097,3.498688239811133,3.8200710159356497,3.5244107055178997,3.557986438780074,3.415534871278111,3.4271657754480116,3.3620332950165,3.586400867004784,3.629087849442498,3.8026864470120683,3.818206923327689,3.932953194592137,3.7354563109597567,3.485742900905544,3.301789977829591,3.4194499993111056,3.4614597912567957,3.540445031795124,3.23746658640572,3.5568590811518863,3.683428818674863,3.948211152297104,3.6774742980273083,3.736510778816203,3.604811254866592,3.467388240042522,3.414833781138343,0,0,0,0,0,0,0,0,0,0,0,0,0,0,0,0,0,0
10:52:14,32.24916,-23.017554,-5.7318354,-3.7078475399999995,-4.096271754,-3.5442911753999997,-3.78450911754,-1.4452299117540002,-2.0975409911754,0.10863260088246007,1.8063092600882458,2.0351619260088243,2.9880081926008826,1.1919716192600882,5.563369161926008,3.754558916192601,3.5759614155024684,3.5626978668055567,3.5027467155560648,3.306621823024027,3.4733577561814366,3.4659576007920787,3.407038142240231,3.5459338166409804,3.3603334792002055,3.604166879820876,3.7533502222888155,3.5640508457148914,3.742598894302309,3.691182194348779,3.4699438226234984,3.4805679260238027,3.4086935556023596,3.3006228926859147,3.45324212476211,3.165882330196037,3.235505578669264,3.3600445229966414,3.552925296936818,3.6952696389276216,3.6948695361475563,3.5232291570121097,3.498688239811133,3.8200710159356497,3.5244107055178997,3.557986438780074,3.415534871278111,3.4271657754480116,3.3620332950165,3.586400867004784,3.629087849442498,3.8026864470120683,3.818206923327689,3.932953194592137,3.7354563109597567,3.485742900905544,3.301789977829591,3.4194499993111056,3.4614597912567957,3.540445031795124,3.23746658640572,3.5568590811518863,3.683428818674863,3.948211152297104,3.6774742980273083,3.736510778816203,3.604811254866592,3.467388240042522,3.414833781138343,0,0,0,0,0,0,0,0,0,0,0,0,0,0,0,0,0,0
10:52:15,32.24916,-21.245094,-5.554589399999999,-4.2809459400000005,-3.858174594,-3.8158974593999995,-4.10707674594,-0.2958352745939999,-1.9826015274594002,-0.05712035274593999,1.671572964725406,2.1398492964725406,2.762064929647254,1.2875814929647253,5.632033149296473,3.7023223149296474,3.754558916192601,3.5759614155024684,3.5626978668055567,3.5027467155560648,3.306621823024027,3.4733577561814366,3.4659576007920787,3.407038142240231,3.5459338166409804,3.3603334792002055,3.604166879820876,3.7533502222888155,3.5640508457148914,3.742598894302309,3.691182194348779,3.4699438226234984,3.4805679260238027,3.4086935556023596,3.3006228926859147,3.45324212476211,3.165882330196037,3.235505578669264,3.3600445229966414,3.552925296936818,3.6952696389276216,3.6948695361475563,3.5232291570121097,3.498688239811133,3.8200710159356497,3.5244107055178997,3.557986438780074,3.415534871278111,3.4271657754480116,3.3620332950165,3.586400867004784,3.629087849442498,3.8026864470120683,3.818206923327689,3.932953194592137,3.7354563109597567,3.485742900905544,3.301789977829591,3.4194499993111056,3.4614597912567957,3.540445031795124,3.23746658640572,3.5568590811518863,3.683428818674863,3.948211152297104,3.6774742980273083,3.736510778816203,3.604811254866592,3.467388240042522,3.414833781138343,0,0,0,0,0,0,0,0,0,0,0,0,0,0,0,0,0,0
10:52:16,31.362930000000002,-18.675027000000004,-5.2975826999999995,-3.6644222699999998,-3.5011062269999997,-3.4847746227,-3.77855746227,-0.2629833462269999,-1.3884843346227,0.12045596653773002,1.8665765966537728,2.159349659665377,2.8231179659665377,1.0572747965966538,5.549899479659666,3.753211947965967,3.7023223149296474,3.754558916192601,3.5759614155024684,3.5626978668055567,3.5027467155560648,3.306621823024027,3.4733577561814366,3.4659576007920787,3.407038142240231,3.5459338166409804,3.3603334792002055,3.604166879820876,3.7533502222888155,3.5640508457148914,3.742598894302309,3.691182194348779,3.4699438226234984,3.4805679260238027,3.4086935556023596,3.3006228926859147,3.45324212476211,3.165882330196037,3.235505578669264,3.3600445229966414,3.552925296936818,3.6952696389276216,3.6948695361475563,3.5232291570121097,3.498688239811133,3.8200710159356497,3.5244107055178997,3.557986438780074,3.415534871278111,3.4271657754480116,3.3620332950165,3.586400867004784,3.629087849442498,3.8026864470120683,3.818206923327689,3.932953194592137,3.7354563109597567,3.485742900905544,3.301789977829591,3.4194499993111056,3.4614597912567957,3.540445031795124,3.23746658640572,3.5568590811518863,3.683428818674863,3.948211152297104,3.6774742980273083,3.736510778816203,3.604811254866592,3.467388240042522,3.414833781138343,0,0,0,0,0,0,0,0,0,0,0,0,0,0,0,0,0,0
10:52:16,30.4767,-21.422340000000002,-4.981482,-3.6328121999999996,-3.4979452199999996,-3.1890425220000003,-3.7489842521999996,-0.2600260252199999,-1.388188602522,0.06140323974780004,1.74251032397478,2.146943032397478,2.644568303239748,1.1576276303239748,5.619037763032398,3.8783317763032397,3.753211947965967,3.7023223149296474,3.754558916192601,3.5759614155024684,3.5626978668055567,3.5027467155560648,3.306621823024027,3.4733577561814366,3.4659576007920787,3.407038142240231,3.5459338166409804,3.3603334792002055,3.604166879820876,3.7533502222888155,3.5640508457148914,3.742598894302309,3.691182194348779,3.4699438226234984,3.4805679260238027,3.4086935556023596,3.3006228926859147,3.45324212476211,3.165882330196037,3.235505578669264,3.3600445229966414,3.552925296936818,3.6952696389276216,3.6948695361475563,3.5232291570121097,3.498688239811133,3.8200710159356497,3.5244107055178997,3.557986438780074,3.415534871278111,3.4271657754480116,3.3620332950165,3.586400867004784,3.629087849442498,3.8026864470120683,3.818206923327689,3.932953194592137,3.7354563109597567,3.485742900905544,3.301789977829591,3.4194499993111056,3.4614597912567957,3.540445031795124,3.23746658640572,3.5568590811518863,3.683428818674863,3.948211152297104,3.6774742980273083,3.736510778816203,3.604811254866592,3.467388240042522,3.414833781138343,0,0,0,0,0,0,0,0,0,0,0,0,0,0,0,0,0,0
10:52:17,30.4767,-21.422340000000002,-5.5723139999999995,-3.3964794000000005,-3.4743119399999998,-2.891272194,-3.7192072194,0.038364078060000084,-1.0629425921940001,-0.08331995921939998,1.6689530040780602,2.021426300407806,2.8093256300407807,0.996791663004078,5.543851166300408,3.575298116630041,3.8783317763032397,3.753211947965967,3.7023223149296474,3.754558916192601,3.5759614155024684,3.5626978668055567,3.5027467155560648,3.306621823024027,3.4733577561814366,3.4659576007920787,3.407038142240231,3.5459338166409804,3.3603334792002055,3.604166879820876,3.7533502222888155,3.5640508457148914,3.742598894302309,3.691182194348779,3.4699438226234984,3.4805679260238027,3.4086935556023596,3.3006228926859147,3.45324212476211,3.165882330196037,3.235505578669264,3.3600445229966414,3.552925296936818,3.6952696389276216,3.6948695361475563,3.5232291570121097,3.498688239811133,3.8200710159356497,3.5244107055178997,3.557986438780074,3.415534871278111,3.4271657754480116,3.3620332950165,3.586400867004784,3.629087849442498,3.8026864470120683,3.818206923327689,3.932953194592137,3.7354563109597567,3.485742900905544,3.301789977829591,3.4194499993111056,3.4614597912567957,3.540445031795124,3.23746658640572,3.5568590811518863,3.683428818674863,3.948211152297104,3.6774742980273083,3.736510778816203,3.604811254866592,3.467388240042522,3.414833781138343,0,0,0,0,0,0,0,0,0,0,0,0,0,0,0,0,0,0
10:52:18,32.24916,-22.131324,-5.938619399999999,-4.023941939999999,-3.5370581939999997,-3.7837858194,-3.5130425819399997,0.3543929418060001,-1.0313397058194,-0.19832427058194,1.6574525729418061,1.9021152572941806,2.620085525729418,0.9778676525729417,5.3055467652572945,3.5514676765257294,3.575298116630041,3.8783317763032397,3.753211947965967,3.7023223149296474,3.754558916192601,3.5759614155024684,3.5626978668055567,3.5027467155560648,3.306621823024027,3.4733577561814366,3.4659576007920787,3.407038142240231,3.5459338166409804,3.3603334792002055,3.604166879820876,3.7533502222888155,3.5640508457148914,3.742598894302309,3.691182194348779,3.4699438226234984,3.4805679260238027,3.4086935556023596,3.3006228926859147,3.45324212476211,3.165882330196037,3.235505578669264,3.3600445229966414,3.552925296936818,3.6952696389276216,3.6948695361475563,3.5232291570121097,3.498688239811133,3.8200710159356497,3.5244107055178997,3.557986438780074,3.415534871278111,3.4271657754480116,3.3620332950165,3.586400867004784,3.629087849442498,3.8026864470120683,3.818206923327689,3.932953194592137,3.7354563109597567,3.485742900905544,3.301789977829591,3.4194499993111056,3.4614597912567957,3.540445031795124,3.23746658640572,3.5568590811518863,3.683428818674863,3.948211152297104,3.6774742980273083,3.736510778816203,3.604811254866592,3.467388240042522,3.414833781138343,0,0,0,0,0,0,0,0,0,0,0,0,0,0,0,0,0,0
10:52:18,30.4767,-21.422340000000002,-5.5723139999999995,-2.8056564,-3.1198136400000003,-3.7420613639999996,-3.2134541364,0.67976058636,-0.11256394136400001,-0.0473643941364,1.43621756058636,1.820906756058636,2.2573376756058634,0.8233850675605863,4.9945745067560585,3.343061450675606,3.5514676765257294,3.575298116630041,3.8783317763032397,3.753211947965967,3.7023223149296474,3.754558916192601,3.5759614155024684,3.5626978668055567,3.5027467155560648,3.306621823024027,3.4733577561814366,3.4659576007920787,3.407038142240231,3.5459338166409804,3.3603334792002055,3.604166879820876,3.7533502222888155,3.5640508457148914,3.742598894302309,3.691182194348779,3.4699438226234984,3.4805679260238027,3.4086935556023596,3.3006228926859147,3.45324212476211,3.165882330196037,3.235505578669264,3.3600445229966414,3.552925296936818,3.6952696389276216,3.6948695361475563,3.5232291570121097,3.498688239811133,3.8200710159356497,3.5244107055178997,3.557986438780074,3.415534871278111,3.4271657754480116,3.3620332950165,3.586400867004784,3.629087849442498,3.8026864470120683,3.818206923327689,3.932953194592137,3.7354563109597567,3.485742900905544,3.301789977829591,3.4194499993111056,3.4614597912567957,3.540445031795124,3.23746658640572,3.5568590811518863,3.683428818674863,3.948211152297104,3.6774742980273083,3.736510778816203,3.604811254866592,3.467388240042522,3.414833781138343,0,0,0,0,0,0,0,0,0,0,0,0,0,0,0,0,0,0
10:52:19,33.13539,-21.156471000000003,-4.6594881,-3.89602881,-3.524266881,-3.7825066881,-2.33126866881,0.7679791331190001,-0.6945668866881,-0.10556468866880998,1.3713125311331191,1.873501253113312,2.3217001253113314,0.7707174125311331,5.166616741253113,3.2420506741253114,3.343061450675606,3.5514676765257294,3.575298116630041,3.8783317763032397,3.753211947965967,3.7023223149296474,3.754558916192601,3.5759614155024684,3.5626978668055567,3.5027467155560648,3.306621823024027,3.4733577561814366,3.4659576007920787,3.407038142240231,3.5459338166409804,3.3603334792002055,3.604166879820876,3.7533502222888155,3.5640508457148914,3.742598894302309,3.691182194348779,3.4699438226234984,3.4805679260238027,3.4086935556023596,3.3006228926859147,3.45324212476211,3.165882330196037,3.235505578669264,3.3600445229966414,3.552925296936818,3.6952696389276216,3.6948695361475563,3.5232291570121097,3.498688239811133,3.8200710159356497,3.5244107055178997,3.557986438780074,3.415534871278111,3.4271657754480116,3.3620332950165,3.586400867004784,3.629087849442498,3.8026864470120683,3.818206923327689,3.932953194592137,3.7354563109597567,3.485742900905544,3.301789977829591,3.4194499993111056,3.4614597912567957,3.540445031795124,3.23746658640572,3.5568590811518863,3.683428818674863,3.948211152297104,3.6774742980273083,3.736510778816203,3.604811254866592,3.467388240042522,3.414833781138343,0,0,0,0,0,0,0,0,0,0,0,0,0,0,0,0,0,0
10:52:20,32.24916,-20.358864,-4.8751344,-3.6221774399999997,-3.792297744,-3.8093097743999995,-3.2201789774400003,1.5653271022559998,-0.6148320897744,0.020573391022560027,1.561172339102256,1.8924872339102254,2.7964317233910228,0.7590866723391023,5.22456566723391,3.425163566723391,3.2420506741253114,3.343061450675606,3.5514676765257294,3.575298116630041,3.8783317763032397,3.753211947965967,3.7023223149296474,3.754558916192601,3.5759614155024684,3.5626978668055567,3.5027467155560648,3.306621823024027,3.4733577561814366,3.4659576007920787,3.407038142240231,3.5459338166409804,3.3603334792002055,3.604166879820876,3.7533502222888155,3.5640508457148914,3.742598894302309,3.691182194348779,3.4699438226234984,3.4805679260238027,3.4086935556023596,3.3006228926859147,3.45324212476211,3.165882330196037,3.235505578669264,3.3600445229966414,3.552925296936818,3.6952696389276216,3.6948695361475563,3.5232291570121097,3.498688239811133,3.8200710159356497,3.5244107055178997,3.557986438780074,3.415534871278111,3.4271657754480116,3.3620332950165,3.586400867004784,3.629087849442498,3.8026864470120683,3.818206923327689,3.932953194592137,3.7354563109597567,3.485742900905544,3.301789977829591,3.4194499993111056,3.4614597912567957,3.540445031795124,3.23746658640572,3.5568590811518863,3.683428818674863,3.948211152297104,3.6774742980273083,3.736510778816203,3.604811254866592,3.467388240042522,3.414833781138343,0,0,0,0,0,0,0,0,0,0,0,0,0,0,0,0,0,0
10:52:21,33.13539,-22.042701,-5.3389340999999995,-3.6685574099999996,-3.5015197409999996,-3.1893999741000005,-3.7490199974099996,-0.2600295997409999,-1.0927819599741002,-0.02722159599740999,1.438231840400259,1.8801931840400259,2.6769963184040027,1.0426626318404002,5.48933526318404,3.569846526318404,3.425163566723391,3.2420506741253114,3.343061450675606,3.5514676765257294,3.575298116630041,3.8783317763032397,3.753211947965967,3.7023223149296474,3.754558916192601,3.5759614155024684,3.5626978668055567,3.5027467155560648,3.306621823024027,3.4733577561814366,3.4659576007920787,3.407038142240231,3.5459338166409804,3.3603334792002055,3.604166879820876,3.7533502222888155,3.5640508457148914,3.742598894302309,3.691182194348779,3.4699438226234984,3.4805679260238027,3.4086935556023596,3.3006228926859147,3.45324212476211,3.165882330196037,3.235505578669264,3.3600445229966414,3.552925296936818,3.6952696389276216,3.6948695361475563,3.5232291570121097,3.498688239811133,3.8200710159356497,3.5244107055178997,3.557986438780074,3.415534871278111,3.4271657754480116,3.3620332950165,3.586400867004784,3.629087849442498,3.8026864470120683,3.818206923327689,3.932953194592137,3.7354563109597567,3.485742900905544,3.301789977829591,3.4194499993111056,3.4614597912567957,3.540445031795124,3.23746658640572,3.5568590811518863,3.683428818674863,3.948211152297104,3.6774742980273083,3.736510778816203,3.604811254866592,3.467388240042522,3.414833781138343,0,0,0,0,0,0,0,0,0,0,0,0,0,0,0,0,0,0
10:52:21,32.24916,-20.358864,-4.5797273999999994,-3.00181374,-3.434845374,-3.1827325374,-3.45293725374,-0.821246125374,-2.0351426125374,-0.0032921612537399336,1.736040783874626,2.0281350783874625,2.8690995078387465,1.1800807507838744,5.503077075078388,3.6303237075078387,3.569846526318404,3.425163566723391,3.2420506741253114,3.343061450675606,3.5514676765257294,3.575298116630041,3.8783317763032397,3.753211947965967,3.7023223149296474,3.754558916192601,3.5759614155024684,3.5626978668055567,3.5027467155560648,3.306621823024027,3.4733577561814366,3.4659576007920787,3.407038142240231,3.5459338166409804,3.3603334792002055,3.604166879820876,3.7533502222888155,3.5640508457148914,3.742598894302309,3.691182194348779,3.4699438226234984,3.4805679260238027,3.4086935556023596,3.3006228926859147,3.45324212476211,3.165882330196037,3.235505578669264,3.3600445229966414,3.552925296936818,3.6952696389276216,3.6948695361475563,3.5232291570121097,3.498688239811133,3.8200710159356497,3.5244107055178997,3.557986438780074,3.415534871278111,3.4271657754480116,3.3620332950165,3.586400867004784,3.629087849442498,3.8026864470120683,3.818206923327689,3.932953194592137,3.7354563109597567,3.485742900905544,3.301789977829591,3.4194499993111056,3.4614597912567957,3.540445031795124,3.23746658640572,3.5568590811518863,3.683428818674863,3.948211152297104,3.6774742980273083,3.736510778816203,3.604811254866592,3.467388240042522,3.414833781138343,0,0,0,0,0,0,0,0,0,0,0,0,0,0,0,0,0,0
10:52:22,30.4767,-21.422340000000002,-4.686075,-4.1940945,-3.2586574500000003,-3.4605297449999997,-2.5944779745,-0.43998779744999994,-0.815363579745,0.1777680420255,1.57689180420255,1.894059180420255,3.0330099180420254,1.0782639918042025,5.67020439918042,3.765242439918042,3.6303237075078387,3.569846526318404,3.425163566723391,3.2420506741253114,3.343061450675606,3.5514676765257294,3.575298116630041,3.8783317763032397,3.753211947965967,3.7023223149296474,3.754558916192601,3.5759614155024684,3.5626978668055567,3.5027467155560648,3.306621823024027,3.4733577561814366,3.4659576007920787,3.407038142240231,3.5459338166409804,3.3603334792002055,3.604166879820876,3.7533502222888155,3.5640508457148914,3.742598894302309,3.691182194348779,3.4699438226234984,3.4805679260238027,3.4086935556023596,3.3006228926859147,3.45324212476211,3.165882330196037,3.235505578669264,3.3600445229966414,3.552925296936818,3.6952696389276216,3.6948695361475563,3.5232291570121097,3.498688239811133,3.8200710159356497,3.5244107055178997,3.557986438780074,3.415534871278111,3.4271657754480116,3.3620332950165,3.586400867004784,3.629087849442498,3.8026864470120683,3.818206923327689,3.932953194592137,3.7354563109597567,3.485742900905544,3.301789977829591,3.4194499993111056,3.4614597912567957,3.540445031795124,3.23746658640572,3.5568590811518863,3.683428818674863,3.948211152297104,3.6774742980273083,3.736510778816203,3.604811254866592,3.467388240042522,3.414833781138343,0,0,0,0,0,0,0,0,0,0,0,0,0,0,0,0,0,0
10:52:23,33.13539,-21.156471000000003,-4.9548951,-4.22097651,-2.670522651,-3.1063002651000002,-3.44529402651,-2.002131402651,-1.2669921402651,0.19168748597349003,1.6964537485973492,1.9060153748597348,2.915990537485974,1.1847698537485973,5.50354598537486,3.807679598537486,3.765242439918042,3.6303237075078387,3.569846526318404,3.425163566723391,3.2420506741253114,3.343061450675606,3.5514676765257294,3.575298116630041,3.8783317763032397,3.753211947965967,3.7023223149296474,3.754558916192601,3.5759614155024684,3.5626978668055567,3.5027467155560648,3.306621823024027,3.4733577561814366,3.4659576007920787,3.407038142240231,3.5459338166409804,3.3603334792002055,3.604166879820876,3.7533502222888155,3.5640508457148914,3.742598894302309,3.691182194348779,3.4699438226234984,3.4805679260238027,3.4086935556023596,3.3006228926859147,3.45324212476211,3.165882330196037,3.235505578669264,3.3600445229966414,3.552925296936818,3.6952696389276216,3.6948695361475563,3.5232291570121097,3.498688239811133,3.8200710159356497,3.5244107055178997,3.557986438780074,3.415534871278111,3.4271657754480116,3.3620332950165,3.586400867004784,3.629087849442498,3.8026864470120683,3.818206923327689,3.932953194592137,3.7354563109597567,3.485742900905544,3.301789977829591,3.4194499993111056,3.4614597912567957,3.540445031795124,3.23746658640572,3.5568590811518863,3.683428818674863,3.948211152297104,3.6774742980273083,3.736510778816203,3.604811254866592,3.467388240042522,3.414833781138343,0,0,0,0,0,0,0,0,0,0,0,0,0,0,0,0,0,0
10:52:23,34.02162,-20.181618,-4.2665868,-3.56132268,-2.604557268,-3.3951197268,-3.47417597268,-2.005019597268,-1.2672809597268,0.07349400402732004,1.7437194004027319,2.028902940040273,2.9282792940040276,1.1268948294004026,5.497758482940041,3.747997848294004,3.807679598537486,3.765242439918042,3.6303237075078387,3.569846526318404,3.425163566723391,3.2420506741253114,3.343061450675606,3.5514676765257294,3.575298116630041,3.8783317763032397,3.753211947965967,3.7023223149296474,3.754558916192601,3.5759614155024684,3.5626978668055567,3.5027467155560648,3.306621823024027,3.4733577561814366,3.4659576007920787,3.407038142240231,3.5459338166409804,3.3603334792002055,3.604166879820876,3.7533502222888155,3.5640508457148914,3.742598894302309,3.691182194348779,3.4699438226234984,3.4805679260238027,3.4086935556023596,3.3006228926859147,3.45324212476211,3.165882330196037,3.235505578669264,3.3600445229966414,3.552925296936818,3.6952696389276216,3.6948695361475563,3.5232291570121097,3.498688239811133,3.8200710159356497,3.5244107055178997,3.557986438780074,3.415534871278111,3.4271657754480116,3.3620332950165,3.586400867004784,3.629087849442498,3.8026864470120683,3.818206923327689,3.932953194592137,3.7354563109597567,3.485742900905544,3.301789977829591,3.4194499993111056,3.4614597912567957,3.540445031795124,3.23746658640572,3.5568590811518863,3.683428818674863,3.948211152297104,3.6774742980273083,3.736510778816203,3.604811254866592,3.467388240042522,3.414833781138343,0,0,0,0,0,0,0,0,0,0,0,0,0,0,0,0,0,0
10:52:24,31.362930000000002,-22.219947,-5.3566587,-4.26115287,-3.560779287,-2.6045029287,-2.50887529287,-3.0901355292870005,-1.6711995529287,0.09218444470713003,1.745588444470713,1.9109288444470711,3.093799884444707,1.2616519884444706,5.629440198844447,3.583857019884445,3.747997848294004,3.807679598537486,3.765242439918042,3.6303237075078387,3.569846526318404,3.425163566723391,3.2420506741253114,3.343061450675606,3.5514676765257294,3.575298116630041,3.8783317763032397,3.753211947965967,3.7023223149296474,3.754558916192601,3.5759614155024684,3.5626978668055567,3.5027467155560648,3.306621823024027,3.4733577561814366,3.4659576007920787,3.407038142240231,3.5459338166409804,3.3603334792002055,3.604166879820876,3.7533502222888155,3.5640508457148914,3.742598894302309,3.691182194348779,3.4699438226234984,3.4805679260238027,3.4086935556023596,3.3006228926859147,3.45324212476211,3.165882330196037,3.235505578669264,3.3600445229966414,3.552925296936818,3.6952696389276216,3.6948695361475563,3.5232291570121097,3.498688239811133,3.8200710159356497,3.5244107055178997,3.557986438780074,3.415534871278111,3.4271657754480116,3.3620332950165,3.586400867004784,3.629087849442498,3.8026864470120683,3.818206923327689,3.932953194592137,3.7354563109597567,3.485742900905544,3.301789977829591,3.4194499993111056,3.4614597912567957,3.540445031795124,3.23746658640572,3.5568590811518863,3.683428818674863,3.948211152297104,3.6774742980273083,3.736510778816203,3.604811254866592,3.467388240042522,3.414833781138343,0,0,0,0,0,0,0,0,0,0,0,0,0,0,0,0,0,0
10:52:25,33.13539,-21.156471000000003,-4.3640721,-2.98024821,-1.955626821,-3.6256426820999996,-3.4972282682099998,-2.893563826821,-0.7653087826820999,0.12369122173179004,1.571484122173179,1.834433412217318,2.849729341221732,1.1781437341221732,5.502883373412218,3.807613337341222,3.583857019884445,3.747997848294004,3.807679598537486,3.765242439918042,3.6303237075078387,3.569846526318404,3.425163566723391,3.2420506741253114,3.343061450675606,3.5514676765257294,3.575298116630041,3.8783317763032397,3.753211947965967,3.7023223149296474,3.754558916192601,3.5759614155024684,3.5626978668055567,3.5027467155560648,3.306621823024027,3.4733577561814366,3.4659576007920787,3.407038142240231,3.5459338166409804,3.3603334792002055,3.604166879820876,3.7533502222888155,3.5640508457148914,3.742598894302309,3.691182194348779,3.4699438226234984,3.4805679260238027,3.4086935556023596,3.3006228926859147,3.45324212476211,3.165882330196037,3.235505578669264,3.3600445229966414,3.552925296936818,3.6952696389276216,3.6948695361475563,3.5232291570121097,3.498688239811133,3.8200710159356497,3.5244107055178997,3.557986438780074,3.415534871278111,3.4271657754480116,3.3620332950165,3.586400867004784,3.629087849442498,3.8026864470120683,3.818206923327689,3.932953194592137,3.7354563109597567,3.485742900905544,3.301789977829591,3.4194499993111056,3.4614597912567957,3.540445031795124,3.23746658640572,3.5568590811518863,3.683428818674863,3.948211152297104,3.6774742980273083,3.736510778816203,3.604811254866592,3.467388240042522,3.414833781138343,0,0,0,0,0,0,0,0,0,0,0,0,0,0,0,0,0,0
10:52:25,34.02162,-21.067848,-4.3552098,-3.5701849799999996,-7.036629497999999,-4.133742949799999,-2.9572152949799997,-2.839562529498,-0.7599086529497999,-0.11209886529497998,1.311583113470502,1.6311973113470501,2.474787731134705,0.9042339731134705,5.357286397311348,3.4384356397311344,3.807613337341222,3.583857019884445,3.747997848294004,3.807679598537486,3.765242439918042,3.6303237075078387,3.569846526318404,3.425163566723391,3.2420506741253114,3.343061450675606,3.5514676765257294,3.575298116630041,3.8783317763032397,3.753211947965967,3.7023223149296474,3.754558916192601,3.5759614155024684,3.5626978668055567,3.5027467155560648,3.306621823024027,3.4733577561814366,3.4659576007920787,3.407038142240231,3.5459338166409804,3.3603334792002055,3.604166879820876,3.7533502222888155,3.5640508457148914,3.742598894302309,3.691182194348779,3.4699438226234984,3.4805679260238027,3.4086935556023596,3.3006228926859147,3.45324212476211,3.165882330196037,3.235505578669264,3.3600445229966414,3.552925296936818,3.6952696389276216,3.6948695361475563,3.5232291570121097,3.498688239811133,3.8200710159356497,3.5244107055178997,3.557986438780074,3.415534871278111,3.4271657754480116,3.3620332950165,3.586400867004784,3.629087849442498,3.8026864470120683,3.818206923327689,3.932953194592137,3.7354563109597567,3.485742900905544,3.301789977829591,3.4194499993111056,3.4614597912567957,3.540445031795124,3.23746658640572,3.5568590811518863,3.683428818674863,3.948211152297104,3.6774742980273083,3.736510778816203,3.604811254866592,3.467388240042522,3.414833781138343,0,0,0,0,0,0,0,0,0,0,0,0,0,0,0,0,0,0
10:52:26,34.907849999999996,-20.092995000000002,-4.8485475000000005,-3.02869575,-2.846710575,-3.1239190575,-2.2654099057500003,-3.3612049905749997,-0.5166604990574999,-0.38318644990575,0.870888355009425,1.4689578355009425,2.6949757835500945,0.8080449783550094,5.170349497835501,3.24242394978355,3.4384356397311344,3.807613337341222,3.583857019884445,3.747997848294004,3.807679598537486,3.765242439918042,3.6303237075078387,3.569846526318404,3.425163566723391,3.2420506741253114,3.343061450675606,3.5514676765257294,3.575298116630041,3.8783317763032397,3.753211947965967,3.7023223149296474,3.754558916192601,3.5759614155024684,3.5626978668055567,3.5027467155560648,3.306621823024027,3.4733577561814366,3.4659576007920787,3.407038142240231,3.5459338166409804,3.3603334792002055,3.604166879820876,3.7533502222888155,3.5640508457148914,3.742598894302309,3.691182194348779,3.4699438226234984,3.4805679260238027,3.4086935556023596,3.3006228926859147,3.45324212476211,3.165882330196037,3.235505578669264,3.3600445229966414,3.552925296936818,3.6952696389276216,3.6948695361475563,3.5232291570121097,3.498688239811133,3.8200710159356497,3.5244107055178997,3.557986438780074,3.415534871278111,3.4271657754480116,3.3620332950165,3.586400867004784,3.629087849442498,3.8026864470120683,3.818206923327689,3.932953194592137,3.7354563109597567,3.485742900905544,3.301789977829591,3.4194499993111056,3.4614597912567957,3.540445031795124,3.23746658640572,3.5568590811518863,3.683428818674863,3.948211152297104,3.6774742980273083,3.736510778816203,3.604811254866592,3.467388240042522,3.414833781138343,0,0,0,0,0,0,0,0,0,0,0,0,0,0,0,0,0,0
10:52:27,33.13539,-22.928931000000002,-4.5413181,-3.8842118099999996,-2.932262181,-3.7233062181,-2.91617162181,-2.540042162181,-0.7299566162180999,-0.34543376162181,0.933748623837819,1.3570828623837818,2.506479286238378,0.7891953286238378,4.932052532862383,3.2185942532862386,3.24242394978355,3.4384356397311344,3.807613337341222,3.583857019884445,3.747997848294004,3.807679598537486,3.765242439918042,3.6303237075078387,3.569846526318404,3.425163566723391,3.2420506741253114,3.343061450675606,3.5514676765257294,3.575298116630041,3.8783317763032397,3.753211947965967,3.7023223149296474,3.754558916192601,3.5759614155024684,3.5626978668055567,3.5027467155560648,3.306621823024027,3.4733577561814366,3.4659576007920787,3.407038142240231,3.5459338166409804,3.3603334792002055,3.604166879820876,3.7533502222888155,3.5640508457148914,3.742598894302309,3.691182194348779,3.4699438226234984,3.4805679260238027,3.4086935556023596,3.3006228926859147,3.45324212476211,3.165882330196037,3.235505578669264,3.3600445229966414,3.552925296936818,3.6952696389276216,3.6948695361475563,3.5232291570121097,3.498688239811133,3.8200710159356497,3.5244107055178997,3.557986438780074,3.415534871278111,3.4271657754480116,3.3620332950165,3.586400867004784,3.629087849442498,3.8026864470120683,3.818206923327689,3.932953194592137,3.7354563109597567,3.485742900905544,3.301789977829591,3.4194499993111056,3.4614597912567957,3.540445031795124,3.23746658640572,3.5568590811518863,3.683428818674863,3.948211152297104,3.6774742980273083,3.736510778816203,3.604811254866592,3.467388240042522,3.414833781138343,0,0,0,0,0,0,0,0,0,0,0,0,0,0,0,0,0,0
10:52:27,34.02162,-21.067848,-4.6506258,-3.59972658,-2.608397658,-2.5092647658000002,-2.79476747658,-3.7095567476579996,-0.8469080747657999,-0.23896340747657996,1.1216416592523422,1.3758721659252342,2.3901522165925235,0.7184587216592524,5.043184872165925,3.3479224872165925,3.2185942532862386,3.24242394978355,3.4384356397311344,3.807613337341222,3.583857019884445,3.747997848294004,3.807679598537486,3.765242439918042,3.6303237075078387,3.569846526318404,3.425163566723391,3.2420506741253114,3.343061450675606,3.5514676765257294,3.575298116630041,3.8783317763032397,3.753211947965967,3.7023223149296474,3.754558916192601,3.5759614155024684,3.5626978668055567,3.5027467155560648,3.306621823024027,3.4733577561814366,3.4659576007920787,3.407038142240231,3.5459338166409804,3.3603334792002055,3.604166879820876,3.7533502222888155,3.5640508457148914,3.742598894302309,3.691182194348779,3.4699438226234984,3.4805679260238027,3.4086935556023596,3.3006228926859147,3.45324212476211,3.165882330196037,3.235505578669264,3.3600445229966414,3.552925296936818,3.6952696389276216,3.6948695361475563,3.5232291570121097,3.498688239811133,3.8200710159356497,3.5244107055178997,3.557986438780074,3.415534871278111,3.4271657754480116,3.3620332950165,3.586400867004784,3.629087849442498,3.8026864470120683,3.818206923327689,3.932953194592137,3.7354563109597567,3.485742900905544,3.301789977829591,3.4194499993111056,3.4614597912567957,3.540445031795124,3.23746658640572,3.5568590811518863,3.683428818674863,3.948211152297104,3.6774742980273083,3.736510778816203,3.604811254866592,3.467388240042522,3.414833781138343,0,0,0,0,0,0,0,0,0,0,0,0,0,0,0,0,0,0
10:52:28,33.13539,-22.042701,-3.8618720999999994,-3.5208512099999996,-3.1913331210000004,-4.0446203121,-2.65288703121,-4.286191703121,-0.9045715703120999,-0.18564745703121,1.067897254296879,1.488658725429688,2.342327872542969,0.713676287254297,4.9836036287254295,3.3419643628725426,3.3479224872165925,3.2185942532862386,3.24242394978355,3.4384356397311344,3.807613337341222,3.583857019884445,3.747997848294004,3.807679598537486,3.765242439918042,3.6303237075078387,3.569846526318404,3.425163566723391,3.2420506741253114,3.343061450675606,3.5514676765257294,3.575298116630041,3.8783317763032397,3.753211947965967,3.7023223149296474,3.754558916192601,3.5759614155024684,3.5626978668055567,3.5027467155560648,3.306621823024027,3.4733577561814366,3.4659576007920787,3.407038142240231,3.5459338166409804,3.3603334792002055,3.604166879820876,3.7533502222888155,3.5640508457148914,3.742598894302309,3.691182194348779,3.4699438226234984,3.4805679260238027,3.4086935556023596,3.3006228926859147,3.45324212476211,3.165882330196037,3.235505578669264,3.3600445229966414,3.552925296936818,3.6952696389276216,3.6948695361475563,3.5232291570121097,3.498688239811133,3.8200710159356497,3.5244107055178997,3.557986438780074,3.415534871278111,3.4271657754480116,3.3620332950165,3.586400867004784,3.629087849442498,3.8026864470120683,3.818206923327689,3.932953194592137,3.7354563109597567,3.485742900905544,3.301789977829591,3.4194499993111056,3.4614597912567957,3.540445031795124,3.23746658640572,3.5568590811518863,3.683428818674863,3.948211152297104,3.6774742980273083,3.736510778816203,3.604811254866592,3.467388240042522,3.414833781138343,0,0,0,0,0,0,0,0,0,0,0,0,0,0,0,0,0,0
10:52:29,34.02162,-34.361388000000005,-6.2753868,-4.35302568,-2.979143568,-3.7279943567999996,-2.32581743568,-3.6626617435679996,-0.5468061743567999,-0.14987091743567998,1.1305509082564322,1.4358480908256432,2.6916648090825643,0.8077138809082565,5.052110388090826,3.1714970388090826,3.3419643628725426,3.3479224872165925,3.2185942532862386,3.24242394978355,3.4384356397311344,3.807613337341222,3.583857019884445,3.747997848294004,3.807679598537486,3.765242439918042,3.6303237075078387,3.569846526318404,3.425163566723391,3.2420506741253114,3.343061450675606,3.5514676765257294,3.575298116630041,3.8783317763032397,3.753211947965967,3.7023223149296474,3.754558916192601,3.5759614155024684,3.5626978668055567,3.5027467155560648,3.306621823024027,3.4733577561814366,3.4659576007920787,3.407038142240231,3.5459338166409804,3.3603334792002055,3.604166879820876,3.7533502222888155,3.5640508457148914,3.742598894302309,3.691182194348779,3.4699438226234984,3.4805679260238027,3.4086935556023596,3.3006228926859147,3.45324212476211,3.165882330196037,3.235505578669264,3.3600445229966414,3.552925296936818,3.6952696389276216,3.6948695361475563,3.5232291570121097,3.498688239811133,3.8200710159356497,3.5244107055178997,3.557986438780074,3.415534871278111,3.4271657754480116,3.3620332950165,3.586400867004784,3.629087849442498,3.8026864470120683,3.818206923327689,3.932953194592137,3.7354563109597567,3.485742900905544,3.301789977829591,3.4194499993111056,3.4614597912567957,3.540445031795124,3.23746658640572,3.5568590811518863,3.683428818674863,3.948211152297104,3.6774742980273083,3.736510778816203,3.604811254866592,3.467388240042522,3.414833781138343,0,0,0,0,0,0,0,0,0,0,0,0,0,0,0,0,0,0
10:52:30,31.362930000000002,-23.106177000000002,-5.4452817,-3.08836917,-2.852677917,-3.1245157917000004,-2.85629257917,-4.6019392579169995,-1.2315587257916998,-0.27742847257916997,1.531372152742083,1.5350062152742083,2.406065621527421,0.779153962152742,5.285675396215274,3.4903775396215275,3.1714970388090826,3.3419643628725426,3.3479224872165925,3.2185942532862386,3.24242394978355,3.4384356397311344,3.807613337341222,3.583857019884445,3.747997848294004,3.807679598537486,3.765242439918042,3.6303237075078387,3.569846526318404,3.425163566723391,3.2420506741253114,3.343061450675606,3.5514676765257294,3.575298116630041,3.8783317763032397,3.753211947965967,3.7023223149296474,3.754558916192601,3.5759614155024684,3.5626978668055567,3.5027467155560648,3.306621823024027,3.4733577561814366,3.4659576007920787,3.407038142240231,3.5459338166409804,3.3603334792002055,3.604166879820876,3.7533502222888155,3.5640508457148914,3.742598894302309,3.691182194348779,3.4699438226234984,3.4805679260238027,3.4086935556023596,3.3006228926859147,3.45324212476211,3.165882330196037,3.235505578669264,3.3600445229966414,3.552925296936818,3.6952696389276216,3.6948695361475563,3.5232291570121097,3.498688239811133,3.8200710159356497,3.5244107055178997,3.557986438780074,3.415534871278111,3.4271657754480116,3.3620332950165,3.586400867004784,3.629087849442498,3.8026864470120683,3.818206923327689,3.932953194592137,3.7354563109597567,3.485742900905544,3.301789977829591,3.4194499993111056,3.4614597912567957,3.540445031795124,3.23746658640572,3.5568590811518863,3.683428818674863,3.948211152297104,3.6774742980273083,3.736510778816203,3.604811254866592,3.467388240042522,3.414833781138343,0,0,0,0,0,0,0,0,0,0,0,0,0,0,0,0,0,0
10:52:30,32.24916,-21.245094,-4.6683504,-3.6014990399999998,-3.494813904,-3.4841453903999997,-3.4830785390399996,-5.255449853904,-2.4785629853904,-0.22488199853903995,1.2412198001460961,1.6241609800146095,2.6513930980014613,1.040102309800146,5.311770230980015,3.5520900230980015,3.4903775396215275,3.1714970388090826,3.3419643628725426,3.3479224872165925,3.2185942532862386,3.24242394978355,3.4384356397311344,3.807613337341222,3.583857019884445,3.747997848294004,3.807679598537486,3.765242439918042,3.6303237075078387,3.569846526318404,3.425163566723391,3.2420506741253114,3.343061450675606,3.5514676765257294,3.575298116630041,3.8783317763032397,3.753211947965967,3.7023223149296474,3.754558916192601,3.5759614155024684,3.5626978668055567,3.5027467155560648,3.306621823024027,3.4733577561814366,3.4659576007920787,3.407038142240231,3.5459338166409804,3.3603334792002055,3.604166879820876,3.7533502222888155,3.5640508457148914,3.742598894302309,3.691182194348779,3.4699438226234984,3.4805679260238027,3.4086935556023596,3.3006228926859147,3.45324212476211,3.165882330196037,3.235505578669264,3.3600445229966414,3.552925296936818,3.6952696389276216,3.6948695361475563,3.5232291570121097,3.498688239811133,3.8200710159356497,3.5244107055178997,3.557986438780074,3.415534871278111,3.4271657754480116,3.3620332950165,3.586400867004784,3.629087849442498,3.8026864470120683,3.818206923327689,3.932953194592137,3.7354563109597567,3.485742900905544,3.301789977829591,3.4194499993111056,3.4614597912567957,3.540445031795124,3.23746658640572,3.5568590811518863,3.683428818674863,3.948211152297104,3.6774742980273083,3.736510778816203,3.604811254866592,3.467388240042522,3.414833781138343,0,0,0,0,0,0,0,0,0,0,0,0,0,0,0,0,0,0
10:52:31,42.884009999999996,-29.043999,-5.743647899999999,-3.7090287899999996,-4.096389879,-3.8397189878999995,-3.81405189879,-5.583954189879,-2.5114134189879,12.00190865810121,2.877475865810121,1.965032586581012,2.8627892586581014,1.17944972586581,5.503013972586581,3.7485233972586585,3.5520900230980015,3.4903775396215275,3.1714970388090826,3.3419643628725426,3.3479224872165925,3.2185942532862386,3.24242394978355,3.4384356397311344,3.807613337341222,3.583857019884445,3.747997848294004,3.807679598537486,3.765242439918042,3.6303237075078387,3.569846526318404,3.425163566723391,3.2420506741253114,3.343061450675606,3.5514676765257294,3.575298116630041,3.8783317763032397,3.753211947965967,3.7023223149296474,3.754558916192601,3.5759614155024684,3.5626978668055567,3.5027467155560648,3.306621823024027,3.4733577561814366,3.4659576007920787,3.407038142240231,3.5459338166409804,3.3603334792002055,3.604166879820876,3.7533502222888155,3.5640508457148914,3.742598894302309,3.691182194348779,3.4699438226234984,3.4805679260238027,3.4086935556023596,3.3006228926859147,3.45324212476211,3.165882330196037,3.235505578669264,3.3600445229966414,3.552925296936818,3.6952696389276216,3.6948695361475563,3.5232291570121097,3.498688239811133,3.8200710159356497,3.5244107055178997,3.557986438780074,3.415534871278111,3.4271657754480116,3.3620332950165,3.586400867004784,3.629087849442498,3.8026864470120683,3.818206923327689,3.932953194592137,3.7354563109597567,3.485742900905544,3.301789977829591,3.4194499993111056,3.4614597912567957,3.540445031795124,3.23746658640572,3.5568590811518863,3.683428818674863,3.948211152297104,3.6774742980273083,3.736510778816203,3.604811254866592,3.467388240042522,3.414833781138343,0,0,0,0,0,0,0,0,0,0,0,0,0,0,0,0,0,0
10:52:32,45.5427,-22.574430000000003,-4.5058679999999995,-3.2898348000000004,-3.4636474799999997,-3.481028748,-3.7781828747999997,-4.69412828748,-1.831598828748,13.7241801171252,2.93153301171252,2.088599301171252,2.993351930117125,1.2516071930117123,5.510229719301171,3.7492449719301173,3.7485233972586585,3.5520900230980015,3.4903775396215275,3.1714970388090826,3.3419643628725426,3.3479224872165925,3.2185942532862386,3.24242394978355,3.4384356397311344,3.807613337341222,3.583857019884445,3.747997848294004,3.807679598537486,3.765242439918042,3.6303237075078387,3.569846526318404,3.425163566723391,3.2420506741253114,3.343061450675606,3.5514676765257294,3.575298116630041,3.8783317763032397,3.753211947965967,3.7023223149296474,3.754558916192601,3.5759614155024684,3.5626978668055567,3.5027467155560648,3.306621823024027,3.4733577561814366,3.4659576007920787,3.407038142240231,3.5459338166409804,3.3603334792002055,3.604166879820876,3.7533502222888155,3.5640508457148914,3.742598894302309,3.691182194348779,3.4699438226234984,3.4805679260238027,3.4086935556023596,3.3006228926859147,3.45324212476211,3.165882330196037,3.235505578669264,3.3600445229966414,3.552925296936818,3.6952696389276216,3.6948695361475563,3.5232291570121097,3.498688239811133,3.8200710159356497,3.5244107055178997,3.557986438780074,3.415534871278111,3.4271657754480116,3.3620332950165,3.586400867004784,3.629087849442498,3.8026864470120683,3.818206923327689,3.932953194592137,3.7354563109597567,3.485742900905544,3.301789977829591,3.4194499993111056,3.4614597912567957,3.540445031795124,3.23746658640572,3.5568590811518863,3.683428818674863,3.948211152297104,3.6774742980273083,3.736510778816203,3.604811254866592,3.467388240042522,3.414833781138343,0,0,0,0,0,0,0,0,0,0,0,0,0,0,0,0,0,0
10:52:32,45.5427,-24.34698,-5.864777999999999,-3.7211418,-2.91595518,-3.4262595179999997,-3.1818739518,-4.33909039518,-1.500688039518,14.1117811960482,3.08846311960482,1.8679613119604819,2.734876131196048,1.1075545131196047,5.436721451311961,3.682791145131196,3.7492449719301173,3.7485233972586585,3.5520900230980015,3.4903775396215275,3.1714970388090826,3.3419643628725426,3.3479224872165925,3.2185942532862386,3.24242394978355,3.4384356397311344,3.807613337341222,3.583857019884445,3.747997848294004,3.807679598537486,3.765242439918042,3.6303237075078387,3.569846526318404,3.425163566723391,3.2420506741253114,3.343061450675606,3.5514676765257294,3.575298116630041,3.8783317763032397,3.753211947965967,3.7023223149296474,3.754558916192601,3.5759614155024684,3.5626978668055567,3.5027467155560648,3.306621823024027,3.4733577561814366,3.4659576007920787,3.407038142240231,3.5459338166409804,3.3603334792002055,3.604166879820876,3.7533502222888155,3.5640508457148914,3.742598894302309,3.691182194348779,3.4699438226234984,3.4805679260238027,3.4086935556023596,3.3006228926859147,3.45324212476211,3.165882330196037,3.235505578669264,3.3600445229966414,3.552925296936818,3.6952696389276216,3.6948695361475563,3.5232291570121097,3.498688239811133,3.8200710159356497,3.5244107055178997,3.557986438780074,3.415534871278111,3.4271657754480116,3.3620332950165,3.586400867004784,3.629087849442498,3.8026864470120683,3.818206923327689,3.932953194592137,3.7354563109597567,3.485742900905544,3.301789977829591,3.4194499993111056,3.4614597912567957,3.540445031795124,3.23746658640572,3.5568590811518863,3.683428818674863,3.948211152297104,3.6774742980273083,3.736510778816203,3.604811254866592,3.467388240042522,3.414833781138343,0,0,0,0,0,0,0,0,0,0,0,0,0,0,0,0,0,0
10:52:33,36.68031,-24.346899,-5.864769899999999,-3.42572499,-3.477236499,-3.1869716499000003,-2.86253816499,-4.602563816499,-1.2316211816498999,4.508246881835011,1.9508636881835009,1.75420136881835,2.9008091368818354,1.0059400136881833,5.426560001368818,3.859084000136882,3.682791145131196,3.7492449719301173,3.7485233972586585,3.5520900230980015,3.4903775396215275,3.1714970388090826,3.3419643628725426,3.3479224872165925,3.2185942532862386,3.24242394978355,3.4384356397311344,3.807613337341222,3.583857019884445,3.747997848294004,3.807679598537486,3.765242439918042,3.6303237075078387,3.569846526318404,3.425163566723391,3.2420506741253114,3.343061450675606,3.5514676765257294,3.575298116630041,3.8783317763032397,3.753211947965967,3.7023223149296474,3.754558916192601,3.5759614155024684,3.5626978668055567,3.5027467155560648,3.306621823024027,3.4733577561814366,3.4659576007920787,3.407038142240231,3.5459338166409804,3.3603334792002055,3.604166879820876,3.7533502222888155,3.5640508457148914,3.742598894302309,3.691182194348779,3.4699438226234984,3.4805679260238027,3.4086935556023596,3.3006228926859147,3.45324212476211,3.165882330196037,3.235505578669264,3.3600445229966414,3.552925296936818,3.6952696389276216,3.6948695361475563,3.5232291570121097,3.498688239811133,3.8200710159356497,3.5244107055178997,3.557986438780074,3.415534871278111,3.4271657754480116,3.3620332950165,3.586400867004784,3.629087849442498,3.8026864470120683,3.818206923327689,3.932953194592137,3.7354563109597567,3.485742900905544,3.301789977829591,3.4194499993111056,3.4614597912567957,3.540445031795124,3.23746658640572,3.5568590811518863,3.683428818674863,3.948211152297104,3.6774742980273083,3.736510778816203,3.604811254866592,3.467388240042522,3.414833781138343,0,0,0,0,0,0,0,0,0,0,0,0,0,0,0,0,0,0
10:52:34,35.79408,-24.435522,-5.2828002,-3.3675280200000004,-2.880593802,-3.4227233802,-2.59069733802,-3.0983177338020003,-0.4903717733802,3.8142938226619796,1.704222382266198,1.61137623822662,2.6501146238226623,0.9808705623822662,5.246744056238227,3.6046904056238227,3.859084000136882,3.682791145131196,3.7492449719301173,3.7485233972586585,3.5520900230980015,3.4903775396215275,3.1714970388090826,3.3419643628725426,3.3479224872165925,3.2185942532862386,3.24242394978355,3.4384356397311344,3.807613337341222,3.583857019884445,3.747997848294004,3.807679598537486,3.765242439918042,3.6303237075078387,3.569846526318404,3.425163566723391,3.2420506741253114,3.343061450675606,3.5514676765257294,3.575298116630041,3.8783317763032397,3.753211947965967,3.7023223149296474,3.754558916192601,3.5759614155024684,3.5626978668055567,3.5027467155560648,3.306621823024027,3.4733577561814366,3.4659576007920787,3.407038142240231,3.5459338166409804,3.3603334792002055,3.604166879820876,3.7533502222888155,3.5640508457148914,3.742598894302309,3.691182194348779,3.4699438226234984,3.4805679260238027,3.4086935556023596,3.3006228926859147,3.45324212476211,3.165882330196037,3.235505578669264,3.3600445229966414,3.552925296936818,3.6952696389276216,3.6948695361475563,3.5232291570121097,3.498688239811133,3.8200710159356497,3.5244107055178997,3.557986438780074,3.415534871278111,3.4271657754480116,3.3620332950165,3.586400867004784,3.629087849442498,3.8026864470120683,3.818206923327689,3.932953194592137,3.7354563109597567,3.485742900905544,3.301789977829591,3.4194499993111056,3.4614597912567957,3.540445031795124,3.23746658640572,3.5568590811518863,3.683428818674863,3.948211152297104,3.6774742980273083,3.736510778816203,3.604811254866592,3.467388240042522,3.414833781138343,0,0,0,0,0,0,0,0,0,0,0,0,0,0,0,0,0,0
10:52:34,36.68031,-23.460669000000003,-5.480730899999999,-3.68273709,-3.7983537089999997,-3.5144993709,-2.89529093709,-3.719609093709,-0.5525009093708999,4.93065090906291,1.520442090906291,1.2975822090906293,2.441426220909063,0.7235861220909063,5.043697612209091,3.2888617612209092,3.6046904056238227,3.859084000136882,3.682791145131196,3.7492449719301173,3.7485233972586585,3.5520900230980015,3.4903775396215275,3.1714970388090826,3.3419643628725426,3.3479224872165925,3.2185942532862386,3.24242394978355,3.4384356397311344,3.807613337341222,3.583857019884445,3.747997848294004,3.807679598537486,3.765242439918042,3.6303237075078387,3.569846526318404,3.425163566723391,3.2420506741253114,3.343061450675606,3.5514676765257294,3.575298116630041,3.8783317763032397,3.753211947965967,3.7023223149296474,3.754558916192601,3.5759614155024684,3.5626978668055567,3.5027467155560648,3.306621823024027,3.4733577561814366,3.4659576007920787,3.407038142240231,3.5459338166409804,3.3603334792002055,3.604166879820876,3.7533502222888155,3.5640508457148914,3.742598894302309,3.691182194348779,3.4699438226234984,3.4805679260238027,3.4086935556023596,3.3006228926859147,3.45324212476211,3.165882330196037,3.235505578669264,3.3600445229966414,3.552925296936818,3.6952696389276216,3.6948695361475563,3.5232291570121097,3.498688239811133,3.8200710159356497,3.5244107055178997,3.557986438780074,3.415534871278111,3.4271657754480116,3.3620332950165,3.586400867004784,3.629087849442498,3.8026864470120683,3.818206923327689,3.932953194592137,3.7354563109597567,3.485742900905544,3.301789977829591,3.4194499993111056,3.4614597912567957,3.540445031795124,3.23746658640572,3.5568590811518863,3.683428818674863,3.948211152297104,3.6774742980273083,3.736510778816203,3.604811254866592,3.467388240042522,3.414833781138343,0,0,0,0,0,0,0,0,0,0,0,0,0,0,0,0,0,0
10:52:35,37.56654,-25.144595999999996,-5.649123599999999,-4.29039936,-3.563703936,-3.1956183936,-2.56798683936,-2.5052236839360003,-1.3173013683936001,5.09050186316064,1.9500041863160638,1.5177934186316064,2.581653341863161,1.033128334186316,5.311072833418632,3.5520202833418635,3.2888617612209092,3.6046904056238227,3.859084000136882,3.682791145131196,3.7492449719301173,3.7485233972586585,3.5520900230980015,3.4903775396215275,3.1714970388090826,3.3419643628725426,3.3479224872165925,3.2185942532862386,3.24242394978355,3.4384356397311344,3.807613337341222,3.583857019884445,3.747997848294004,3.807679598537486,3.765242439918042,3.6303237075078387,3.569846526318404,3.425163566723391,3.2420506741253114,3.343061450675606,3.5514676765257294,3.575298116630041,3.8783317763032397,3.753211947965967,3.7023223149296474,3.754558916192601,3.5759614155024684,3.5626978668055567,3.5027467155560648,3.306621823024027,3.4733577561814366,3.4659576007920787,3.407038142240231,3.5459338166409804,3.3603334792002055,3.604166879820876,3.7533502222888155,3.5640508457148914,3.742598894302309,3.691182194348779,3.4699438226234984,3.4805679260238027,3.4086935556023596,3.3006228926859147,3.45324212476211,3.165882330196037,3.235505578669264,3.3600445229966414,3.552925296936818,3.6952696389276216,3.6948695361475563,3.5232291570121097,3.498688239811133,3.8200710159356497,3.5244107055178997,3.557986438780074,3.415534871278111,3.4271657754480116,3.3620332950165,3.586400867004784,3.629087849442498,3.8026864470120683,3.818206923327689,3.932953194592137,3.7354563109597567,3.485742900905544,3.301789977829591,3.4194499993111056,3.4614597912567957,3.540445031795124,3.23746658640572,3.5568590811518863,3.683428818674863,3.948211152297104,3.6774742980273083,3.736510778816203,3.604811254866592,3.467388240042522,3.414833781138343,0,0,0,0,0,0,0,0,0,0,0,0,0,0,0,0,0,0
10:52:36,34.907849999999996,-23.637915000000003,-5.2030395,-3.6549679499999996,-3.5001607949999998,-3.4846800795,-2.59689300795,-1.9172913007949999,-0.9630939300794998,4.94867660699205,1.758575660699205,1.5577265660699204,2.467440656606992,0.7852914656606992,5.04986814656607,3.289478814656607,3.5520202833418635,3.2888617612209092,3.6046904056238227,3.859084000136882,3.682791145131196,3.7492449719301173,3.7485233972586585,3.5520900230980015,3.4903775396215275,3.1714970388090826,3.3419643628725426,3.3479224872165925,3.2185942532862386,3.24242394978355,3.4384356397311344,3.807613337341222,3.583857019884445,3.747997848294004,3.807679598537486,3.765242439918042,3.6303237075078387,3.569846526318404,3.425163566723391,3.2420506741253114,3.343061450675606,3.5514676765257294,3.575298116630041,3.8783317763032397,3.753211947965967,3.7023223149296474,3.754558916192601,3.5759614155024684,3.5626978668055567,3.5027467155560648,3.306621823024027,3.4733577561814366,3.4659576007920787,3.407038142240231,3.5459338166409804,3.3603334792002055,3.604166879820876,3.7533502222888155,3.5640508457148914,3.742598894302309,3.691182194348779,3.4699438226234984,3.4805679260238027,3.4086935556023596,3.3006228926859147,3.45324212476211,3.165882330196037,3.235505578669264,3.3600445229966414,3.552925296936818,3.6952696389276216,3.6948695361475563,3.5232291570121097,3.498688239811133,3.8200710159356497,3.5244107055178997,3.557986438780074,3.415534871278111,3.4271657754480116,3.3620332950165,3.586400867004784,3.629087849442498,3.8026864470120683,3.818206923327689,3.932953194592137,3.7354563109597567,3.485742900905544,3.301789977829591,3.4194499993111056,3.4614597912567957,3.540445031795124,3.23746658640572,3.5568590811518863,3.683428818674863,3.948211152297104,3.6774742980273083,3.736510778816203,3.604811254866592,3.467388240042522,3.414833781138343,0,0,0,0,0,0,0,0,0,0,0,0,0,0,0,0,0,0
10:52:36,34.02162,-25.499087999999997,-5.684572799999999,-3.40770528,-3.7708505279999995,-3.2163330528000005,-2.57005830528,-2.210023830528,-0.6969547830528,5.09345152169472,1.713968152169472,1.4941898152169473,2.342880981521695,0.6546276981521695,5.036801769815217,3.3472841769815216,3.289478814656607,3.5520202833418635,3.2888617612209092,3.6046904056238227,3.859084000136882,3.682791145131196,3.7492449719301173,3.7485233972586585,3.5520900230980015,3.4903775396215275,3.1714970388090826,3.3419643628725426,3.3479224872165925,3.2185942532862386,3.24242394978355,3.4384356397311344,3.807613337341222,3.583857019884445,3.747997848294004,3.807679598537486,3.765242439918042,3.6303237075078387,3.569846526318404,3.425163566723391,3.2420506741253114,3.343061450675606,3.5514676765257294,3.575298116630041,3.8783317763032397,3.753211947965967,3.7023223149296474,3.754558916192601,3.5759614155024684,3.5626978668055567,3.5027467155560648,3.306621823024027,3.4733577561814366,3.4659576007920787,3.407038142240231,3.5459338166409804,3.3603334792002055,3.604166879820876,3.7533502222888155,3.5640508457148914,3.742598894302309,3.691182194348779,3.4699438226234984,3.4805679260238027,3.4086935556023596,3.3006228926859147,3.45324212476211,3.165882330196037,3.235505578669264,3.3600445229966414,3.552925296936818,3.6952696389276216,3.6948695361475563,3.5232291570121097,3.498688239811133,3.8200710159356497,3.5244107055178997,3.557986438780074,3.415534871278111,3.4271657754480116,3.3620332950165,3.586400867004784,3.629087849442498,3.8026864470120683,3.818206923327689,3.932953194592137,3.7354563109597567,3.485742900905544,3.301789977829591,3.4194499993111056,3.4614597912567957,3.540445031795124,3.23746658640572,3.5568590811518863,3.683428818674863,3.948211152297104,3.6774742980273083,3.736510778816203,3.604811254866592,3.467388240042522,3.414833781138343,0,0,0,0,0,0,0,0,0,0,0,0,0,0,0,0,0,0
10:52:37,36.68031,-24.346899,-5.569353899999999,-3.6915993899999995,-3.7992399389999996,-3.2191719939000003,-3.1611651993900005,-1.382895519939,-0.6142419519939,5.101722804800611,1.5966342804800608,1.600617428048006,2.353523742804801,0.7738997742804801,5.107831977428049,3.354387197742805,3.3472841769815216,3.289478814656607,3.5520202833418635,3.2888617612209092,3.6046904056238227,3.859084000136882,3.682791145131196,3.7492449719301173,3.7485233972586585,3.5520900230980015,3.4903775396215275,3.1714970388090826,3.3419643628725426,3.3479224872165925,3.2185942532862386,3.24242394978355,3.4384356397311344,3.807613337341222,3.583857019884445,3.747997848294004,3.807679598537486,3.765242439918042,3.6303237075078387,3.569846526318404,3.425163566723391,3.2420506741253114,3.343061450675606,3.5514676765257294,3.575298116630041,3.8783317763032397,3.753211947965967,3.7023223149296474,3.754558916192601,3.5759614155024684,3.5626978668055567,3.5027467155560648,3.306621823024027,3.4733577561814366,3.4659576007920787,3.407038142240231,3.5459338166409804,3.3603334792002055,3.604166879820876,3.7533502222888155,3.5640508457148914,3.742598894302309,3.691182194348779,3.4699438226234984,3.4805679260238027,3.4086935556023596,3.3006228926859147,3.45324212476211,3.165882330196037,3.235505578669264,3.3600445229966414,3.552925296936818,3.6952696389276216,3.6948695361475563,3.5232291570121097,3.498688239811133,3.8200710159356497,3.5244107055178997,3.557986438780074,3.415534871278111,3.4271657754480116,3.3620332950165,3.586400867004784,3.629087849442498,3.8026864470120683,3.818206923327689,3.932953194592137,3.7354563109597567,3.485742900905544,3.301789977829591,3.4194499993111056,3.4614597912567957,3.540445031795124,3.23746658640572,3.5568590811518863,3.683428818674863,3.948211152297104,3.6774742980273083,3.736510778816203,3.604811254866592,3.467388240042522,3.414833781138343,0,0,0,0,0,0,0,0,0,0,0,0,0,0,0,0,0,0
10:52:38,36.68031,-25.233219,-5.953401899999999,-3.73000419,-3.8030804189999996,-3.8103880418999996,-3.8111188041899995,-2.334129880419,-1.3001919880419002,5.15129780119581,1.778837780119581,1.6779227780119579,2.302142277801196,0.7096577277801197,5.042304772778012,3.4660404772778013,3.354387197742805,3.3472841769815216,3.289478814656607,3.5520202833418635,3.2888617612209092,3.6046904056238227,3.859084000136882,3.682791145131196,3.7492449719301173,3.7485233972586585,3.5520900230980015,3.4903775396215275,3.1714970388090826,3.3419643628725426,3.3479224872165925,3.2185942532862386,3.24242394978355,3.4384356397311344,3.807613337341222,3.583857019884445,3.747997848294004,3.807679598537486,3.765242439918042,3.6303237075078387,3.569846526318404,3.425163566723391,3.2420506741253114,3.343061450675606,3.5514676765257294,3.575298116630041,3.8783317763032397,3.753211947965967,3.7023223149296474,3.754558916192601,3.5759614155024684,3.5626978668055567,3.5027467155560648,3.306621823024027,3.4733577561814366,3.4659576007920787,3.407038142240231,3.5459338166409804,3.3603334792002055,3.604166879820876,3.7533502222888155,3.5640508457148914,3.742598894302309,3.691182194348779,3.4699438226234984,3.4805679260238027,3.4086935556023596,3.3006228926859147,3.45324212476211,3.165882330196037,3.235505578669264,3.3600445229966414,3.552925296936818,3.6952696389276216,3.6948695361475563,3.5232291570121097,3.498688239811133,3.8200710159356497,3.5244107055178997,3.557986438780074,3.415534871278111,3.4271657754480116,3.3620332950165,3.586400867004784,3.629087849442498,3.8026864470120683,3.818206923327689,3.932953194592137,3.7354563109597567,3.485742900905544,3.301789977829591,3.4194499993111056,3.4614597912567957,3.540445031795124,3.23746658640572,3.5568590811518863,3.683428818674863,3.948211152297104,3.6774742980273083,3.736510778816203,3.604811254866592,3.467388240042522,3.414833781138343,0,0,0,0,0,0,0,0,0,0,0,0,0,0,0,0,0,0
